period,county,Total Dewormed,Acute Malnutrition,stunted 6-23 months,stunted 0-<6 months,stunted 24-59 months,diarrhoea cases,Underweight 0-<6 months,Underweight 6-23 months,Underweight 24-59 Months
23-Jan,Baringo County,3659,8,471,34,380,2620,85,739,731
23-Jan,Bomet County,1580,,1,3,,1984,41,86,16
23-Jan,Bungoma County,6590,24,98,154,23,4576,231,315,120
23-Jan,Busia County,7564,,396,143,111,2239,251,608,125
23-Jan,Elgeyo Marakwet County,1407,,92,71,5,2739,57,104,21
23-Jan,Embu County,3241,72,326,86,24,1376,141,544,160
23-Jan,Garissa County,6751,250,40,13,99,2314,223,1856,1833
23-Jan,Homa Bay County,4691,9,209,87,58,2787,140,298,84
23-Jan,Isiolo County,790,26,51,6,50,1319,13,180,271
23-Jan,Kajiado County,7532,104,319,102,155,4202,139,840,577
23-Jan,Kakamega County,8044,36,252,279,292,4307,373,547,110
23-Jan,Kericho County,2070,,8,13,5,4175,126,415,55
23-Jan,Kiambu County,7891,183,530,385,88,4720,723,1595,239
23-Jan,Kilifi County,9991,81,1690,267,360,6228,339,2291,674
23-Jan,Kirinyaga County,2148,,157,17,8,2040,172,593,53
23-Jan,Vihiga County,2576,28,200,96,28,906,84,356,44
23-Jan,Uasin Gishu County,7878,1,152,77,39,6155,242,598,88
23-Jan,Turkana County,8336,189,1272,505,1194,7053,532,3465,3940
23-Jan,Trans Nzoia County,2603,248,236,162,22,1862,281,538,74
23-Jan,Tharaka Nithi County,3381,33,212,102,51,1599,154,479,121
23-Jan,Tana River County,1954,233,125,13,83,2072,15,526,672
23-Jan,Taita Taveta County,1624,1,231,95,51,1062,189,624,180
23-Jan,Siaya County,3843,3,16,111,16,2421,170,239,71
23-Jan,Samburu County,1338,60,141,15,104,2384,76,519,733
23-Jan,Nyeri County,2969,18,166,194,22,1077,345,374,44
23-Jan,Nyandarua County,3072,,110,119,6,1540,188,350,43
23-Jan,Nyamira County,2091,,97,58,5,1100,66,141,9
23-Jan,Narok County,5820,56,67,57,32,2856,99,638,68
23-Jan,Nandi County,1986,,117,47,7,1957,102,725,46
23-Jan,Nakuru County,9694,120,396,248,44,7420,579,1323,222
23-Jan,Nairobi County,19893,279,2518,1243,371,9361,1474,3544,646
23-Jan,Muranga County,4745,31,1036,236,86,2049,350,1002,122
23-Jan,Mombasa County,3304,451,437,88,68,3089,322,1306,254
23-Jan,Migori County,6739,29,186,68,61,2593,103,283,112
23-Jan,Meru County,4733,26,137,215,29,2767,185,430,73
23-Jan,Marsabit County,2667,165,475,18,581,1344,20,1126,1511
23-Jan,Mandera County,4536,394,261,107,100,7531,276,509,594
23-Jan,Makueni County,6497,121,573,62,392,3582,126,1207,834
23-Jan,Machakos County,7594,65,78,20,89,3783,338,1330,215
23-Jan,Lamu County,225,,48,12,11,726,18,72,19
23-Jan,Laikipia County,4473,22,303,225,111,1401,457,830,304
23-Jan,Kwale County,7968,271,806,123,602,3291,204,1444,1076
23-Jan,Kitui County,6264,42,770,186,401,3576,234,1692,821
23-Jan,Kisumu County,4840,207,91,67,55,3265,201,429,104
23-Jan,Kisii County,3498,4,29,22,10,2359,77,78,17
23-Jan,Wajir County,6337,940,11,1,50,4250,113,911,773
23-Jan,West Pokot County,4820,36,142,64,108,3010,205,567,469
23-Feb,Baringo County,5237,10,406,443,432,2937,145,838,756
23-Feb,Bomet County,2326,4,365,,9,5053,106,113,23
23-Feb,Bungoma County,5897,31,95,404,32,5164,420,338,97
23-Feb,Busia County,3577,,344,220,84,2004,195,619,68
23-Feb,Elgeyo Marakwet County,2642,,53,59,27,4609,83,108,25
23-Feb,Embu County,2750,75,239,92,70,1193,130,626,354
23-Feb,Garissa County,8090,1059,44,93,122,2072,70,1623,2039
23-Feb,Homa Bay County,4157,5,237,81,80,3794,137,210,126
23-Feb,Isiolo County,1115,138,192,124,35,1149,47,157,251
23-Feb,Kajiado County,6772,295,894,99,1062,4959,207,1245,1485
23-Feb,Kakamega County,8563,26,291,154,86,5580,276,791,230
23-Feb,Kericho County,2338,,6,20,,4775,149,589,169
23-Feb,Kiambu County,10852,13,572,350,45,5744,732,1695,142
23-Feb,Kilifi County,8354,266,1534,397,423,5947,372,2069,970
23-Feb,Kirinyaga County,2041,9,104,50,17,2437,159,520,47
23-Feb,Vihiga County,2686,33,269,46,40,1531,87,273,159
23-Feb,Uasin Gishu County,7510,,188,148,160,8600,531,613,99
23-Feb,Turkana County,13641,395,1185,360,1618,6067,413,3038,4216
23-Feb,Trans Nzoia County,2403,373,246,183,45,2619,272,592,125
23-Feb,Tharaka Nithi County,2131,39,254,87,64,1292,172,519,107
23-Feb,Tana River County,3268,374,215,10,113,1453,232,728,902
23-Feb,Taita Taveta County,1842,2,481,124,74,730,250,778,188
23-Feb,Siaya County,3990,5,7,15,7,2983,64,162,77
23-Feb,Samburu County,3449,382,211,26,230,2367,117,758,1166
23-Feb,Nyeri County,3515,33,258,214,34,1628,334,435,50
23-Feb,Nyandarua County,2680,2,138,94,7,1406,182,414,41
23-Feb,Nyamira County,1819,,54,23,7,946,56,71,11
23-Feb,Narok County,5687,56,43,46,43,3854,144,219,95
23-Feb,Nandi County,3178,2,207,84,6,3118,105,296,33
23-Feb,Nakuru County,11226,177,648,381,347,9244,875,1504,743
23-Feb,Nairobi County,21133,358,3566,1085,326,13516,1788,4361,552
23-Feb,Muranga County,5343,26,581,257,81,2077,414,972,193
23-Feb,Mombasa County,3875,498,572,75,89,3005,269,1608,193
23-Feb,Migori County,6445,11,182,74,45,3185,116,266,81
23-Feb,Meru County,4790,51,152,295,26,2646,229,370,55
23-Feb,Marsabit County,13868,257,768,54,834,1449,84,1616,2864
23-Feb,Mandera County,3196,167,145,22,102,7923,132,533,538
23-Feb,Makueni County,8274,179,749,100,339,2414,176,1483,903
23-Feb,Machakos County,6017,109,113,72,195,3923,400,1299.3,313
23-Feb,Lamu County,246,,18,15,,711,28,50,11
23-Feb,Laikipia County,2767,16,310,214,58,1476,426,599,141
23-Feb,Kwale County,6307,406,582,105,394,3099,281,1957,875
23-Feb,Kitui County,11620,32,961,193,648,2585,482,2032,1193
23-Feb,Kisumu County,5430,247,132,55,202,5559,156,469,93
23-Feb,Kisii County,3335,2,18,36,25,2750,43,85,55
23-Feb,Wajir County,6602,1563,5,24,243,2940,240,948,1189
23-Feb,West Pokot County,8296,49,452,61,318,3418,74,1265,1132
23-Mar,Baringo County,5113,48,751,225,1104,3023,129,1192,1538
23-Mar,Bomet County,2011,2,4,4,4,3461,92,212,8
23-Mar,Bungoma County,7070,1,79,88,45,4276,270,446,77
23-Mar,Busia County,4429,,474,202,70,2022,263,706,96
23-Mar,Elgeyo Marakwet County,2332,,47,160,9,2313,69,132,12
23-Mar,Embu County,3221,84,257,79,87,1510,140,591,111
23-Mar,Garissa County,14843,316,106,55,3169,2228,65,1894,2431
23-Mar,Homa Bay County,5592,43,214,111,43,2641,185,443,124
23-Mar,Isiolo County,2620,128,75,9,95,860,20,278,476
23-Mar,Kajiado County,10485,196,360,315,173,5211,279,1031,803
23-Mar,Kakamega County,10890,29,376,167,163,5142,300,733,205
23-Mar,Kericho County,2269,,19,56,16,3650,197,664,94
23-Mar,Kiambu County,8396,66,755,522,148,7358,973,2220,428
23-Mar,Kilifi County,9092,428,1846,323,445,7437,453,2701,1058
23-Mar,Kirinyaga County,2638,5,150,123,18,2259,180,603,77
23-Mar,Vihiga County,2885,33,199,29,21,1323,91,342,49
23-Mar,Uasin Gishu County,9523,,299,218,65,8732,384,923,111
23-Mar,Turkana County,17249,544,1185,421,1485,8467,460,3077,4680
23-Mar,Trans Nzoia County,3694,404,223,140,31,2340,292,547,78
23-Mar,Tharaka Nithi County,2498,27,271,97,107,1264,151,589,165
23-Mar,Tana River County,3237,453,402,12,164,1404,25,917,777
23-Mar,Taita Taveta County,1684,,288,115,89,703,229,765,312
23-Mar,Siaya County,4241,,10,6,24,2503,71,196,60
23-Mar,Samburu County,2514,397,213,24,116,2658,68,549,1256
23-Mar,Nyeri County,3270,58,257,204,26,1564,435,627,59
23-Mar,Nyandarua County,2693,102,143,112,23,1579,236,362,77
23-Mar,Nyamira County,1408,2,49,26,5,1026,91,88,17
23-Mar,Narok County,6124,66,80,213,474,4097,116,227,56
23-Mar,Nandi County,3441,17,240,55,27,3164,166,324,77
23-Mar,Nakuru County,7769,248,477,265,27,8109,796,1360,132
23-Mar,Nairobi County,21397,665,2435,977,548,15795,1937,4110,842
23-Mar,Muranga County,5294,29,525,200,159,2232,420,1053,139
23-Mar,Mombasa County,4461,494,524,93,93,3960,246,1462,269
23-Mar,Migori County,6870,22,210,103,41,3006,127,408,118
23-Mar,Meru County,4916,107,238,154,50,3095,371,471,212
23-Mar,Marsabit County,7768,331,409,36,649,2137,86,1164,2295
23-Mar,Mandera County,2996,314,162,83,164,7749,171,477,674
23-Mar,Makueni County,8046,155,558,105,395,2427,215,1550,1244
23-Mar,Machakos County,6688,179,52,24,98,4295,338,1406,296
23-Mar,Lamu County,454,,18,7,1,864,33,42,5
23-Mar,Laikipia County,3817,44,334,227,105,2115,451,838,197
23-Mar,Kwale County,6076,483,1082,155,435,3407,367,1654,927
23-Mar,Kitui County,7345,8,799,199,519,2628,271,2100,1200
23-Mar,Kisumu County,5554,241,99,99,34,3533,144,388,96
23-Mar,Kisii County,4293,3,16,15,23,2938,119,125,257
23-Mar,Wajir County,9789,3017,13,7,329,3012,270,1291,1801
23-Mar,West Pokot County,4229,73,309,34,200,2837,57,638,464
23-Apr,Baringo County,4865,3,259,74,552,2493,99,905,1314
23-Apr,Bomet County,1125,,,,2,1538,93,184,77
23-Apr,Bungoma County,7933,,167,61,23,3144,258,415,136
23-Apr,Busia County,3725,,509,344,164,1981,211,635,84
23-Apr,Elgeyo Marakwet County,1828,,54,53,2,1974,80,146,4
23-Apr,Embu County,2744,20,212,53,42,1017,135,474,82
23-Apr,Garissa County,16912,224,22,1,204,2735,236,2159,2454
23-Apr,Homa Bay County,26253,38,247,185,41,1962,138,234,65
23-Apr,Isiolo County,2789,124,164,4,70,1464,12,224,497
23-Apr,Kajiado County,6050,56,250,108,73,7107,233,999,593
23-Apr,Kakamega County,11203,32,362,165,44,4334,209,487,408
23-Apr,Kericho County,2095,,17,11,9,1909,143,410,57
23-Apr,Kiambu County,7957,56,781,368,90,5427,753,1709,245
23-Apr,Kilifi County,6965,103,1400,351,367,7335,465,2543,947
23-Apr,Kirinyaga County,2383,3,113,37,30,2288,179,597,58
23-Apr,Vihiga County,2395,22,140,32,40,610,86,287,69
23-Apr,Uasin Gishu County,8816,,109,130,13,4629,250,677,99
23-Apr,Turkana County,11644,343,1312,558,1499,10969,393,3316,4581
23-Apr,Trans Nzoia County,2786,398,257,130,49,1647,266,425,122
23-Apr,Tharaka Nithi County,2554,16,191,110,81,783,156,468,106
23-Apr,Tana River County,2601,397,128,23,133,1375,19,621,650
23-Apr,Taita Taveta County,2555,,298,132,64,892,218,760,235
23-Apr,Siaya County,3659,,14,9,35,1629,54,107,22
23-Apr,Samburu County,1901,50,73,41,172,2397,57,542,865
23-Apr,Nyeri County,3299,42,277,216,31,1001,338,583,74
23-Apr,Nyandarua County,2014,12,109,64,18,924,195,339,52
23-Apr,Nyamira County,1246,,36,23,13,634,51,55,15
23-Apr,Narok County,4711,29,40,38,27,2282,116,181,63
23-Apr,Nandi County,2585,,107,69,10,1606,131,377,37
23-Apr,Nakuru County,4870,290,358,243,58,5229,605,1229,198
23-Apr,Nairobi County,25413,347,1891,926,645,11612,1432,3598,645
23-Apr,Muranga County,3964,26,440,194,65,1862,279,776,109
23-Apr,Mombasa County,4208,227,554,125,73,5454,248,1260,272
23-Apr,Migori County,6210,35,158,44,48,1825,108,274,82
23-Apr,Meru County,4366,61,264,139,60,2254,319,519,63
23-Apr,Marsabit County,2755,224,220,9,480,2658,13,1099,1820
23-Apr,Mandera County,3125,135,130,54,107,8244,195,311,468
23-Apr,Makueni County,7264,134,744,274,446,1927,192,1620,1299
23-Apr,Machakos County,6375,96,29,17,188,4185,355,1051,398
23-Apr,Lamu County,474,,8,9,2,861,32,40,9
23-Apr,Laikipia County,4346,32,439,192,143,1386,399,731,215
23-Apr,Kwale County,5389,315,478,152,279,3692,231,1165,790
23-Apr,Kitui County,7310,2,1039,353,616,3224,259,2289,1252
23-Apr,Kisumu County,3983,157,245,51,197,1978,170,371,137
23-Apr,Kisii County,2963,2,19,63,10,2014,65,189,17
23-Apr,Wajir County,6890,1030,9,66,423,5566,296,713,1041
23-Apr,West Pokot County,6336,34,202,73,147,2347,134,422,432
23-May,Baringo County,45643,2,566,272,794,2907,158,941,1341
23-May,Bomet County,3207,,3,,3,1359,85,200,72
23-May,Bungoma County,26522,6,220,203,24,3098,357,439,147
23-May,Busia County,4454,1,748,137,76,1930,238,837,147
23-May,Elgeyo Marakwet County,39863,,55,45,7,1935,71,137,13
23-May,Embu County,45538,43,400,78,61,1187,232,644,147
23-May,Garissa County,10771,482,38,1,140,3095,84,2023,2226
23-May,Homa Bay County,7691,88,211,158,46,2347,218,287,79
23-May,Isiolo County,6582,99,72,21,62,2630,24,281,216
23-May,Kajiado County,128655,86,274,161,155,4600,211,916,626
23-May,Kakamega County,16098,26,672,97,30,5068,265,976,149
23-May,Kericho County,2351,,80,111,125,2191,141,591,264
23-May,Kiambu County,25973,59,930,343,267,6068,902,1903,2220
23-May,Kilifi County,7944,127,1609,459,401,13491,726,2778,820
23-May,Kirinyaga County,2917,3,167,40,29,2728,210,803,81
23-May,Vihiga County,3849,28,242,118,108,1028,140,392,105
23-May,Uasin Gishu County,78164,,798,104,63,5332,273,794,135
23-May,Turkana County,48584,810,1462,508,1384,10892,537,3369,4614
23-May,Trans Nzoia County,4250,330,353,307,50,2025,281,636,110
23-May,Tharaka Nithi County,3037,62,281,95,138,979,185,563,200
23-May,Tana River County,3204,267,125,601,91,2352,40,627,584
23-May,Taita Taveta County,5283,8,434,121,78,1196,268,1016,343
23-May,Siaya County,5256,2,23,6,18,2311,86,436,47
23-May,Samburu County,39375,227,151,44,74,4101,228,634,729
23-May,Nyeri County,3257,49,242,201,39,1010,402,620,103
23-May,Nyandarua County,2350,,261,136,39,893,215,454,39
23-May,Nyamira County,15964,9,191,69,10,659,170,141,12
23-May,Narok County,109350,36,130,243,41,3287,137,231,67
23-May,Nandi County,5469,17,107,54,29,1621,99,321,52
23-May,Nakuru County,6717,287,423,180,92,5857,641,1371,204
23-May,Nairobi County,392800,480,2442,7900,397,12844,1889,4563,631
23-May,Muranga County,8234,39,609,349,254,2712,399,1066,256
23-May,Mombasa County,6064,487,535,149,152,7215,328,1748,342
23-May,Migori County,14280,28,129,37,49,2086,112,277,171
23-May,Meru County,4775,74,1019,231,117,2530,327,735,98
23-May,Marsabit County,13197,152,204,27,482,3159,26,1082,2023
23-May,Mandera County,2656,174,149,109,88,10137,151,362,389
23-May,Makueni County,16872,113,833,177,608,3002,117,2074,1244
23-May,Machakos County,32010,78,29,11,134,5101,456,1297,362
23-May,Lamu County,374,,21,10,3,1285,50,73,16
23-May,Laikipia County,38895,24,436,182,358,1832,381,798,457
23-May,Kwale County,38360,342,533,83,345,5676,253,1623,727
23-May,Kitui County,7090,2,970,189,868,3209,254,2144,1767
23-May,Kisumu County,35214,260,450,115,37,5259,400,523,118
23-May,Kisii County,3499,,26,48,6,2246,67,347,31
23-May,Wajir County,42145,1490,7,5,223,6277,305,802,2953
23-May,West Pokot County,15454,71,271,33,79,3056,62,502,507
23-Jun,Baringo County,10808,19,596,46,776,2403,92,1028,1603
23-Jun,Bomet County,2873,,,,16,1605,127,211,24
23-Jun,Bungoma County,6314,7,84,49,31,2500,238,426,142
23-Jun,Busia County,4356,1,506,186,66,1514,228,723,105
23-Jun,Elgeyo Marakwet County,1738,,33,6,3,1939,80,111,7
23-Jun,Embu County,2351,53,662,140,50,933,167,637,116
23-Jun,Garissa County,25392,718,25,4,459,2882,105,1684,2143
23-Jun,Homa Bay County,4466,60,200,147,32,2057,204,386,62
23-Jun,Isiolo County,2421,116,74,11,94,940,26,225,349
23-Jun,Kajiado County,6127,54,306,328,112,4048,228,915,461
23-Jun,Kakamega County,11534,29,739,124,206,4224,227,715,165
23-Jun,Kericho County,2459,,38,111,23,2766,157,536,110
23-Jun,Kiambu County,73824,204,448,293,88,5847,677,1602,148
23-Jun,Kilifi County,85912,232,1663,429,373,11064,625,2554,652
23-Jun,Kirinyaga County,36769,,163,29,6,1645,197,696,88
23-Jun,Vihiga County,3452,46,206,60,74,1068,125,408,107
23-Jun,Uasin Gishu County,14550,,143,45,33,4729,280,695,169
23-Jun,Turkana County,13538,593,1030,288,1311,7327,275,3150,4165
23-Jun,Trans Nzoia County,3496,316,233,139,43,1892,274,474,118
23-Jun,Tharaka Nithi County,32815,143,333,103,101,739,178,686,154
23-Jun,Tana River County,6422,576,110,27,175,2065,10,709,671
23-Jun,Taita Taveta County,4142,18,337,138,72,901,221,790,255
23-Jun,Siaya County,4498,1,33,10,28,2826,96,254,44
23-Jun,Samburu County,1945,138,74,26,94,2764,42,613,697
23-Jun,Nyeri County,40780,34,219,174,39,933,284,495,59
23-Jun,Nyandarua County,33756,,205,114,19,800,202,377,188
23-Jun,Nyamira County,1588,,60,36,10,674,40,77,11
23-Jun,Narok County,20798,45,107,45,54,3435,88,273,96
23-Jun,Nandi County,4011,14,251,94,27,1336,147,359,56
23-Jun,Nakuru County,107963,312,306,141,52,6753,546,1300,156
23-Jun,Nairobi County,30860,579,2171,1705,1080,10536,1522,4339,586
23-Jun,Muranga County,4133,26,527,224,112,1849,363,955,136
23-Jun,Mombasa County,3990,607,550,114,158,3671,294,1254,298
23-Jun,Migori County,7546,33,235,44,53,2301,102,222,94
23-Jun,Meru County,179181,50,272,131,40,1971,264,578,58
23-Jun,Marsabit County,12133,162,487,91,473,1437,162,1218,1589
23-Jun,Mandera County,28799,166,72,29,139,6241,181,626,747
23-Jun,Makueni County,90201,68,992,77,221,2280,115,1259,642
23-Jun,Machakos County,78572,64,36,8,154,3820,342,1045,279
23-Jun,Lamu County,328,,28,9,2,1279,26,63,14
23-Jun,Laikipia County,3021,35,288,214,133,1712,424,626,196
23-Jun,Kwale County,13754,316,406,112,258,4233,238,1170,503
23-Jun,Kitui County,107811,65,944,183,475,1970,245,1669,1345
23-Jun,Kisumu County,4278,370,107,60,86,2805,420,743,95
23-Jun,Kisii County,4516,,142,48,7,2013,97,180,22
23-Jun,Wajir County,6417,1835,71,26,143,3202,135,792,1368
23-Jun,West Pokot County,10422,51,146,87,198,3623,30,347,446
22-Jan,Baringo County,5739,3,98,44,9,2625,76,321,214
22-Jan,Bomet County,1933,,,,1,2840,211,121,10
22-Jan,Bungoma County,4344,,52,57,11,3731,228,229,52
22-Jan,Busia County,3734,,292,104,51,1842,239,421,83
22-Jan,Elgeyo Marakwet County,1343,,108,103,11,1753,110,163,12
22-Jan,Embu County,2450,65,251,96,77,1236,141,607,66
22-Jan,Garissa County,6805,105,233,208,92,3987,97,1042,747
22-Jan,Homa Bay County,3177,8,118,74,12,1800,95,232,39
22-Jan,Isiolo County,871,20,58,6,32,2028,28,141,108
22-Jan,Kajiado County,6188,17,117,51,20,3891,135,703,70
22-Jan,Kakamega County,6711,7,250,166,127,2847,222,520,103
22-Jan,Kericho County,1996,,256,28,11,3604,97,220,292
22-Jan,Kiambu County,8115,50,451,393,54,5315,714,994,161
22-Jan,Kilifi County,6567,76,932,400,239,10095,315,1794,476
22-Jan,Kirinyaga County,2012,,140,64,10,1610,170,494,50
22-Jan,Vihiga County,2296,14,203,60,17,960,118,318,117
22-Jan,Uasin Gishu County,4907,,186,849,19,4126,188,506,28
22-Jan,Turkana County,7985,185,247,122,206,6574,212,1143,1621
22-Jan,Trans Nzoia County,1331,12,143,101,15,1583,160,305,41
22-Jan,Tharaka Nithi County,2086,8,216,109,25,1350,160,389,37
22-Jan,Tana River County,1675,193,46,54,97,3336,36,370,156
22-Jan,Taita Taveta County,1399,,209,69,37,1772,177,560,163
22-Jan,Siaya County,4887,,175,9,22,3734,57,151,37
22-Jan,Samburu County,919,1,58,67,26,1911,81,349,297
22-Jan,Nyeri County,3015,18,302,157,20,1459,316,519,39
22-Jan,Nyandarua County,2795,,76,84,11,1004,172,186,74
22-Jan,Nyamira County,2383,,22,69,36,1218,77,80,18
22-Jan,Narok County,8817,10,27,51,24,2882,90,168,76
22-Jan,Nandi County,4488,,121,46,21,1866,108,249,39
22-Jan,Nakuru County,10467,158,490,336,237,6815,860,1340,390
22-Jan,Nairobi County,29284,173,1776,816,306,9922,1036,3051,855
22-Jan,Muranga County,5022,8,496,203,76,2120,411,890,149
22-Jan,Mombasa County,4053,353,503,58,116,4479,183,1188,294
22-Jan,Migori County,6596,18,134,56,2,2481,55,116,182
22-Jan,Meru County,2799,83,163,119,46,2544,234,608,41
22-Jan,Marsabit County,3479,63,790,53,422,1973,124,1049,1491
22-Jan,Mandera County,2452,182,93,87,127,8057,116,355,485
22-Jan,Makueni County,6897,17,980,125,126,3424,226,782,197
22-Jan,Machakos County,4817,73,40,18,46,4170,348,719,153
22-Jan,Lamu County,162,,10,8,3,974,18,63,18
22-Jan,Laikipia County,1928,40,167,168,51,1564,328,369,31
22-Jan,Kwale County,5806,72,396,111,396,5824,262,898,445
22-Jan,Kitui County,5211,19,551,170,149,3214,253,866,290
22-Jan,Kisumu County,4425,107,136,46,104,3192,182,450,78
22-Jan,Kisii County,2240,,20,46,3,2243,88,90,60
22-Jan,Wajir County,6397,548,64,3,101,3918,95,492,535
22-Jan,West Pokot County,4184,14,122,39,39,2700,36,138,52
22-Feb,Baringo County,4146,7,80,144,91,2473,68,423,232
22-Feb,Bomet County,1401,,1,12,6,2133,119,127,15
22-Feb,Bungoma County,39477,1,157,46,42,4058,186,694,140
22-Feb,Busia County,3585,,267,102,60,2097,217,412,77
22-Feb,Elgeyo Marakwet County,1282,,55,61,5,2199,69,126,15
22-Feb,Embu County,2620,94,268,67,76,925,118,461,83
22-Feb,Garissa County,5858,212,35,9,89,2405,76,1020,799
22-Feb,Homa Bay County,2425,6,78,86,11,1506,161,208,54
22-Feb,Isiolo County,647,54,128,11,20,1466,20,269,208
22-Feb,Kajiado County,5740,36,161,89,31,4695,140,330,148
22-Feb,Kakamega County,7139,18,252,236,34,3089,310,452,186
22-Feb,Kericho County,1770,,14,38,15,3742,132,255,43
22-Feb,Kiambu County,6743,116,426,372,47,5223,614,1264,128
22-Feb,Kilifi County,6844,191,1053,558,256,7829,270,1661,388
22-Feb,Kirinyaga County,1617,1,160,54,17,1979,172,476,36
22-Feb,Vihiga County,2022,22,155,38,34,980,90,276,64
22-Feb,Uasin Gishu County,7299,,201,111,96,4231,262,475,87
22-Feb,Turkana County,13107,425,713,147,425,7929,365,1309,1598
22-Feb,Trans Nzoia County,1108,9,109,83,21,1575,149,309,35
22-Feb,Tharaka Nithi County,1766,3,273,75,44,1046,162,349,50
22-Feb,Tana River County,2172,275,64,43,21,1876,83,503,174
22-Feb,Taita Taveta County,1643,,209,83,93,809,199,649,199
22-Feb,Siaya County,3358,,9,9,1,1620,288,123,42
22-Feb,Samburu County,1787,10,38,53,65,2047,89,381,366
22-Feb,Nyeri County,3629,16,252,159,20,1294,241,378,30
22-Feb,Nyandarua County,1831,,114,100,12,853,191,211,42
22-Feb,Nyamira County,2134,,106,71,33,1549,117,213,37
22-Feb,Narok County,4742,13,41,73,45,2358,48,98,56
22-Feb,Nandi County,4144,,58,51,24,1585,131,276,41
22-Feb,Nakuru County,11543,223,483,274,87,6230,789,1061,149
22-Feb,Nairobi County,22157,327,1281,771,184,9891,1015,3015,343
22-Feb,Muranga County,4060,13,837,247,115,1666,396,784,308
22-Feb,Mombasa County,3241,319,401,98,95,3591,283,1241,287
22-Feb,Migori County,6739,29,59,16,74,2281,69,151,123
22-Feb,Meru County,3500,67,199,91,30,2371,221,499,37
22-Feb,Marsabit County,2496,119,168,59,262,1483,78,935,1267
22-Feb,Mandera County,2807,162,111,90,105,6994,123,300,477
22-Feb,Makueni County,6619,30,332,88,106,2356,134,607,190
22-Feb,Machakos County,4275,118,47,72,59,2945,450,692,215
22-Feb,Lamu County,269,,136,9,26,1131,19,57,25
22-Feb,Laikipia County,2432,18,244,221,37,1087,363,441,76
22-Feb,Kwale County,11179,43,355,245,283,2112,246,623,316
22-Feb,Kitui County,4729,5,551,101,217,2520,236,878,359
22-Feb,Kisumu County,4625,196,111,157,53,3272,183,376,58
22-Feb,Kisii County,2400,,51,13,9,2041,105,147,34
22-Feb,Wajir County,9092,2697,27,142,217,3064,113,1458,1551
22-Feb,West Pokot County,2746,10,60,13,24,3120,27,308,84
22-Mar,Baringo County,3700,13,173,66,99,2781,94,772,538
22-Mar,Bomet County,1388,,127,1,5,1973,80,197,16
22-Mar,Bungoma County,7919,,207,32,38,4647,232,584,97
22-Mar,Busia County,4024,2,274,147,55,2203,245,596,90
22-Mar,Elgeyo Marakwet County,1070,,74,83,3,2621,70,190,9
22-Mar,Embu County,2673,57,235,96,34,956,145,584,99
22-Mar,Garissa County,9127,239,17,10,128,1826,67,1047,989
22-Mar,Homa Bay County,3472,10,294,104,17,1845,158,323,40
22-Mar,Isiolo County,987,48,106,5,43,839,25,205,153
22-Mar,Kajiado County,6691,102,322,88,33,6441,144,531,118
22-Mar,Kakamega County,8496,23,269,240,81,4162,337,717,111
22-Mar,Kericho County,2202,,30,7,7,4377,109,342,158
22-Mar,Kiambu County,7994,133,587,291,64,5612,598,1289,217
22-Mar,Kilifi County,7719,16,1431,268,264,5786,300,1972,456
22-Mar,Kirinyaga County,2274,,279,218,68,1531,222,546,167
22-Mar,Vihiga County,2569,28,140,37,12,1122,88,345,61
22-Mar,Uasin Gishu County,5558,,235,163,34,6191,236,796,87
22-Mar,Turkana County,9837,586,558,202,476,8781,302,1766,1900
22-Mar,Trans Nzoia County,1512,7,207,157,13,1731,236,476,49
22-Mar,Tharaka Nithi County,1831,2,231,95,72,1008,153,503,125
22-Mar,Tana River County,2299,338,30,3,17,1729,32,582,319
22-Mar,Taita Taveta County,1381,,135,101,96,631,202,624,152
22-Mar,Siaya County,3719,,40,55,138,2039,60,141,49
22-Mar,Samburu County,1414,5,52,64,28,1977,82,265,289
22-Mar,Nyeri County,3358,18,332,284,31,1137,420,593,50
22-Mar,Nyandarua County,2472,,385,96,26,1243,178,245,57
22-Mar,Nyamira County,2902,1,67,35,7,1353,62,126,10
22-Mar,Narok County,5325,8,191,24,10,4763,85,175,45
22-Mar,Nandi County,4020,,138,144,19,2055,117,293,47
22-Mar,Nakuru County,10492,210,608,378,140,6643,864,1268,153
22-Mar,Nairobi County,21975,407,1812,678,245,11149,1153,3427,534
22-Mar,Muranga County,4603,20,620,384,91,1654,477,1068,134
22-Mar,Mombasa County,3854,353,682,343,110,2832,615,1541,324
22-Mar,Migori County,7589,20,153,91,54,2644,136,126,54
22-Mar,Meru County,3382,83,330,175,100,2307,275,390,62
22-Mar,Marsabit County,2064,163,142,26,247,1638,69,739,1237
22-Mar,Mandera County,2490,160,74,78,231,7021,129,438,605
22-Mar,Makueni County,6226,32,379,135,57,2089,121,602,143
22-Mar,Machakos County,4338,116,22,287,73,2703,320,772,159
22-Mar,Lamu County,200,,8,7,2,953,28,70,21
22-Mar,Laikipia County,1918,60,156,126,92,1828,220,370,125
22-Mar,Kwale County,7146,122,413,125,331,3502,294,901,480
22-Mar,Kitui County,5212,11,441,151,138,2073,266,933,329
22-Mar,Kisumu County,4556,162,96,108,100,4593,186,611,145
22-Mar,Kisii County,2850,,29,31,12,2271,63,79,34
22-Mar,Wajir County,6617,949,129,198,238,2694,89,780,871
22-Mar,West Pokot County,3219,20,54,5,17,3472,53,565,88
22-Apr,Baringo County,3938,3,360,48,88,2822,90,658.3,188
22-Apr,Bomet County,1564,,,,2,2464,139,128,10
22-Apr,Bungoma County,6717,,77,83,15,3471,261,473,92
22-Apr,Busia County,3481,2,329,146,102,1780,255,541,104
22-Apr,Elgeyo Marakwet County,927,,84,60,1,2081,64,142,12
22-Apr,Embu County,2169,25,225,63,19,850,116,406,58
22-Apr,Garissa County,8230,230,8,,266,1782,36,865,853
22-Apr,Homa Bay County,2650,29,105,130,19,1494,108,150,53
22-Apr,Isiolo County,1029,76,29,10,96,641,51,119,130
22-Apr,Kajiado County,5666,19,276,107,36,4193,174,459,92
22-Apr,Kakamega County,8372,22,640,787,103,3584,338,738,112
22-Apr,Kericho County,1651,,14,12,,2823,132,268,45
22-Apr,Kiambu County,8670,88,886,303,55,4199,722,1541,247
22-Apr,Kilifi County,6217,2,1402,383,200,5279,297,1516,321
22-Apr,Kirinyaga County,1833,,89,43,13,1859,200,475,40
22-Apr,Vihiga County,2910,10,285,187,17,966,67,249,86
22-Apr,Uasin Gishu County,4596,,129,126,110,5356,203,455,100
22-Apr,Turkana County,9105,419,384,117,530,7827,222,1584,2118
22-Apr,Trans Nzoia County,1846,4,274,125,16,1332,211,342,37
22-Apr,Tharaka Nithi County,1512,7,183,106,80,974,151,378,54
22-Apr,Tana River County,1901,130,66,8,24,1887,32,381,131
22-Apr,Taita Taveta County,1288,,435,50,86,544,148,686,100
22-Apr,Siaya County,2738,1,253,5,36,3003,77,148,48
22-Apr,Samburu County,1288,,32,122,53,2136,65,386,337
22-Apr,Nyeri County,3066,8,201,129,53,929,259,469,46
22-Apr,Nyandarua County,1751,,84,82,34,934,137,202,44
22-Apr,Nyamira County,2091,,74,36,7,1027,47,96,18
22-Apr,Narok County,5122,7,93,17,16,4329,58,145,44
22-Apr,Nandi County,3141,,88,219,9,1631,76,233,30
22-Apr,Nakuru County,8729,122,483,385,81,5332,809,1147,166
22-Apr,Nairobi County,19482,302,1657,616,305,10261,1165,2909,387
22-Apr,Muranga County,4012,16,477,396,653,1339,442,1271,870
22-Apr,Mombasa County,3508,128,303,206,148,2879,366,1069,238
22-Apr,Migori County,6107,8,99,31,25,1925,106,180,84
22-Apr,Meru County,3425,28,217,140,66,1718,248,340,79
22-Apr,Marsabit County,2661,228,279,9,226,1791,77,879,1638
22-Apr,Mandera County,2172,194,117,106,142,6308,135,399,625
22-Apr,Makueni County,5539,17,302,66,49,1620,123,601,79
22-Apr,Machakos County,3766,95,49,8,22,3526,209,615,104
22-Apr,Lamu County,97,,6,,,543,19,40,24
22-Apr,Laikipia County,1940,26,140,187,28,715,326,372,147
22-Apr,Kwale County,7248,71,540,120,221,2574,256,1015,346
22-Apr,Kitui County,4729,,332,277,122,1785,179,684,249
22-Apr,Kisumu County,4732,135,138,78,127,2572,138,578,127
22-Apr,Kisii County,2497,,43,36,3,1961,75,142,57
22-Apr,Wajir County,5694,567,12,3,66,2452,100,480,819
22-Apr,West Pokot County,4615,22,50,4,25,2824,67,230,82
22-May,Baringo County,8038,9,133,228,219,2947,94,466,307
22-May,Bomet County,2039,1,3,1,5,2015,84,100,20
22-May,Bungoma County,6632,,138,93,56,3182,343,795,84
22-May,Busia County,4739,,317,177,54,2001,279,513,144
22-May,Elgeyo Marakwet County,4266,,44,83,8,1708,55,140,5
22-May,Embu County,41108,59,281,89,36,1049,138,530,85
22-May,Garissa County,10036,344,35,,88,1955,51,1195,717
22-May,Homa Bay County,2294,19,92,44,7,1211,104,150,31
22-May,Isiolo County,7847,186,78,2,133,892,18,231,400
22-May,Kajiado County,6813,63,164,77,25,4391,151,560,110
22-May,Kakamega County,9534,11,547,183,267,4579,288,735,271
22-May,Kericho County,2249,,9,8,5,2408,121,322,51
22-May,Kiambu County,8448,62,544,323,54,5184,631,1169,164
22-May,Kilifi County,7404,24,1643,245,239,9072,297,1838,364
22-May,Kirinyaga County,2339,,234,30,29,1895,125,485,45
22-May,Vihiga County,2922,20,118,40,291,891,102,367,47
22-May,Uasin Gishu County,7485,,247,162,48,5043,373,513,105
22-May,Turkana County,54606,591,496,366,550,13063,268,2239,2433
22-May,Trans Nzoia County,1996,11,137,109,42,1405,211,351,29
22-May,Tharaka Nithi County,1978,3,233,121,37,1071,164,530,51
22-May,Tana River County,2236,203,65,26,19,1776,56,506,126
22-May,Taita Taveta County,1823,,298,99,97,608,149,529,144
22-May,Siaya County,3349,,107,31,12,1905,100,203,113
22-May,Samburu County,17967,9,105,41,65,2456,62,394,259
22-May,Nyeri County,35154,26,205,227,45,1028,275,465,60
22-May,Nyandarua County,4732,,99,74,14,802,137,293,40
22-May,Nyamira County,1820,3,52,65,9,1169,48,62,8
22-May,Narok County,6054,23,95,35,17,2736,67,360,49
22-May,Nandi County,11439,,135,66,30,1663,245,513,66
22-May,Nakuru County,10306,157,486,264,96,6275,846,1221,115
22-May,Nairobi County,102975,202,1684,1359,365,12355,1233,3649,480
22-May,Muranga County,28277,20,478,282,120,2018,336,950,131
22-May,Mombasa County,3724,173,380,143,115,7275,362,1383,297
22-May,Migori County,6746,31,83,54,35,2278,95,243,57
22-May,Meru County,3828,32,178,116,31,1881,279,362,48
22-May,Marsabit County,17456,106,256,21,312,2398,67,909,1384
22-May,Mandera County,3208,358,105,445,120,7029,205,655,1145
22-May,Makueni County,23899,30,410,154,102,2015,188,705,153
22-May,Machakos County,102736,63,39,2,173,2898,352,820,198
22-May,Lamu County,249,,7,11,22,973,30,78,25
22-May,Laikipia County,36739,19,183,1457,97,1786,295,418,93
22-May,Kwale County,8200,94,933,104,415,4481,257,898,360
22-May,Kitui County,5089,1,554,151,183,1919,245,834,417
22-May,Kisumu County,5400,183,92,106,38,3050,269,939,105
22-May,Kisii County,2758,,48,36,6,2380,73,120,13
22-May,Wajir County,9242,1074,16,,163,3724,71,806,1088
22-May,West Pokot County,9082,27,61,21,44,2784,68,229,89
22-Jun,Baringo County,48516,22,192,76,46,2897,81,355,478
22-Jun,Bomet County,1885,1,1,1,3,1567,107,126,14
22-Jun,Bungoma County,22007,1,54,91,15,3156,308,410,86
22-Jun,Busia County,4358,1,392,211,64,1834,323,713,94
22-Jun,Elgeyo Marakwet County,23478,,46,24,4,1782,35,107,9
22-Jun,Embu County,2589,42,111,60,33,643,88,463,39
22-Jun,Garissa County,13016,605,21,24,206,1912,140,1057,1274
22-Jun,Homa Bay County,3716,25,113,59,35,1570,139,235,74
22-Jun,Isiolo County,1537,65,39,65,49,848,16,107,162
22-Jun,Kajiado County,114265,60,267,77,40,3532,193,539,63
22-Jun,Kakamega County,14568,,607,478,102,4180,480,1111,154
22-Jun,Kericho County,2150,,247,19,6,2415,144,290,40
22-Jun,Kiambu County,77365,135,504,295,82,5774,594,1135,147
22-Jun,Kilifi County,66427,33,1937,274,268,12302,303,1618,388
22-Jun,Kirinyaga County,40278,,100,49,210,2341,183,500,73
22-Jun,Vihiga County,4561,34,176,86,32,938,115,334,81
22-Jun,Uasin Gishu County,114473,,174,99,85,9820,259,593,62
22-Jun,Turkana County,25880,446,1105,229,808,9960,304,3387,3338
22-Jun,Trans Nzoia County,39180,139,132,95,27,1486,209,484,37
22-Jun,Tharaka Nithi County,19490,,186,78,20,789,168,307,47
22-Jun,Tana River County,1991,205,110,21,78,1886,54,742,337
22-Jun,Taita Taveta County,22533,,275,75,60,618,158,634,175
22-Jun,Siaya County,8942,,67,35,15,2137,81,149,26
22-Jun,Samburu County,2599,5,85,31,52,2856,34,399,365
22-Jun,Nyeri County,9712,24,258,238,53,974,316,661,60
22-Jun,Nyandarua County,17042,,88,112,14,1060,101,202,55
22-Jun,Nyamira County,14111,1,23,23,3,1034,39,58,5
22-Jun,Narok County,99995,23,63,23,25,2134,179,173,96
22-Jun,Nandi County,9934,,105,59,27,1527,118,339,43
22-Jun,Nakuru County,149704,172,684,254,215,7138,628,1199,203
22-Jun,Nairobi County,347436,357,1961,842,899,10702,1387,3699,441
22-Jun,Muranga County,8261,20,489,217,270,1682,365,962,153
22-Jun,Mombasa County,3691,105,904,179,137,5840,290,1125,317
22-Jun,Migori County,9457,17,157,38,56,2254,128,179,116
22-Jun,Meru County,34904,47,157,97,10,1747,266,508,130
22-Jun,Marsabit County,12555,117,763,37,342,2033,75,2097,1988
22-Jun,Mandera County,2410,284,299,96,175,7434,321,533,812
22-Jun,Makueni County,27301,20,314,89,73,2057,148,638,155
22-Jun,Machakos County,9255,87,55,22,84,2941,332,706,192
22-Jun,Lamu County,221,,12,9,5,1284,27,48,18
22-Jun,Laikipia County,7512,34,136,121,45,1825,259,783,43
22-Jun,Kwale County,90232,208,688,114,281,4304,291,871,440
22-Jun,Kitui County,80524,,568,211,128,1593,248,698,279
22-Jun,Kisumu County,6880,224,187,95,225,3613,213,561,355
22-Jun,Kisii County,2336,,35,43,61,2176,74,314,47
22-Jun,Wajir County,10872,2377,12,,66,3909,52,684,1228
22-Jun,West Pokot County,13268,37,52,19,36,2421,96,278,283
22-Jul,Baringo County,2400,17,326,111,170,2056,115,419,205
22-Jul,Bomet County,1452,,,3,1,1777,76,115,21
22-Jul,Bungoma County,7085,2,47,85,60,2309,217,270,107
22-Jul,Busia County,3520,,300,152,95,1440,216,925,68
22-Jul,Elgeyo Marakwet County,2664,,67,52,2,1161,91,126,12
22-Jul,Embu County,2358,18,222,104,17,657,103,437,93
22-Jul,Garissa County,6673,518,34,22,33,1598,61,927,900
22-Jul,Homa Bay County,3542,27,95,78,17,1649,163,148,57
22-Jul,Isiolo County,682,17,14,,40,748,12,143,139
22-Jul,Kajiado County,5628,64,161,161,22,2996,143,448,90
22-Jul,Kakamega County,8120,32,402,512,89,3078,371,889,169
22-Jul,Kericho County,1646,,20,27,4,1925,107,238,56
22-Jul,Kiambu County,7315,127,990,333,60,4404,598,1153,110
22-Jul,Kilifi County,6113,33,1272,350,197,9906,329,1603,343
22-Jul,Kirinyaga County,1957,,120,62,9,1713,186,488,50
22-Jul,Vihiga County,3042,33,204,57,55,729,137,382,62
22-Jul,Uasin Gishu County,6783,,311,223,23,4224,200,661,79
22-Jul,Turkana County,9820,530,762,467,624,7686,393,2930,3005
22-Jul,Trans Nzoia County,2154,228,202,115,17,914,218,372,47
22-Jul,Tharaka Nithi County,1618,,177,95,53,552,131,325,47
22-Jul,Tana River County,2402,239,154,15,66,1723,26,673,304
22-Jul,Taita Taveta County,1243,,381,143,79,611,190,610,193
22-Jul,Siaya County,2775,,8,8,94,1496,55,114,397
22-Jul,Samburu County,1357,,87,47,51,2178,29,464,376
22-Jul,Nyeri County,2689,4,207,157,21,875,341,621,41
22-Jul,Nyandarua County,2009,,121,55,25,821,114,254,58
22-Jul,Nyamira County,1800,,101,30,45,827,50,110,25
22-Jul,Narok County,5538,28,43,28,19,2214,78,136,26
22-Jul,Nandi County,2512,20,83,57,6,1052,108,259,21
22-Jul,Nakuru County,10089,185,647,289,62,5426,644,1341,156
22-Jul,Nairobi County,18896,270,1747,611,212,6308,1191,3470,498
22-Jul,Muranga County,4151,6,540,172,67,1462,314,770,137
22-Jul,Mombasa County,3544,157,363,160,73,3933,207,901,284
22-Jul,Migori County,7133,13,113,48,49,2136,74,144,83
22-Jul,Meru County,3741,29,86,64,45,2181,156,368,58
22-Jul,Marsabit County,2368,38,173,27,73,1401,50,732,1054
22-Jul,Mandera County,2597,372,110,129,146,6530,399,515,499
22-Jul,Makueni County,5469,33,297,103,85,1505,130,563,122
22-Jul,Machakos County,5338,81,31,7,94,2198,254,659,116
22-Jul,Lamu County,291,,15,2,26,1103,42,59,19
22-Jul,Laikipia County,2305,20,141,90,8,1579,237,325,68
22-Jul,Kwale County,5946,109,737,141,289,3490,283,872,349
22-Jul,Kitui County,5650,,456,183,148,1411,283,640,332
22-Jul,Kisumu County,5352,170,190,123,170,2565,193,481,106
22-Jul,Kisii County,2260,,35,27,2,1638,237,104,34
22-Jul,Wajir County,6214,664,29,5,97,2271,84,534,616
22-Jul,West Pokot County,4660,21,57,18,47,2144,31,323,170
22-Aug,Baringo County,3517,1,160,86,131,2045,241,507,368
22-Aug,Bomet County,1118,1,1,3,3,2084,62,122,98
22-Aug,Bungoma County,6300,2,135,97,13,2307,262,374,112
22-Aug,Busia County,3229,2,683,140,33,1357,230,575,93
22-Aug,Elgeyo Marakwet County,937,,56,58,14,1039,34,133,18
22-Aug,Embu County,2490,20,261,91,23,795,129,446,77
22-Aug,Garissa County,5598,344,20,15,100,1486,81,880,725
22-Aug,Homa Bay County,2394,26,80,378,21,1479,156,175,64
22-Aug,Isiolo County,770,21,21,4,43,882,15,138,199
22-Aug,Kajiado County,5678,51,297,247,56,2977,215,456,125
22-Aug,Kakamega County,8260,34,355,279,91,3198,383,690,153
22-Aug,Kericho County,1962,,29,12,3,2162,153,296,46
22-Aug,Kiambu County,7074,71,513,323,51,4343,726,1061,110
22-Aug,Kilifi County,6846,20,1266,380,238,10216,417,1960,495
22-Aug,Kirinyaga County,2318,,73,22,20,1689,187,503,44
22-Aug,Vihiga County,2486,28,248,57,93,655,106,334,47
22-Aug,Uasin Gishu County,5845,,547,130,110,3157,627,592,87
22-Aug,Turkana County,10434,27,760,202,585,6843,290,2432,2932
22-Aug,Trans Nzoia County,2411,188,205,114,17,759,237,568,174
22-Aug,Tharaka Nithi County,1815,1,331,121,13,782,205,447,68
22-Aug,Tana River County,1922,151,63,5,59,1826,44,457,264
22-Aug,Taita Taveta County,1655,,324,202,68,771,266,688,187
22-Aug,Siaya County,2712,,26,2,7,1544,72,100,27
22-Aug,Samburu County,2552,9,93,6,95,2158,64,569,697
22-Aug,Nyeri County,2777,10,252,143,52,1001,335,487,76
22-Aug,Nyandarua County,2408,,142,140,13,789,147,305,34
22-Aug,Nyamira County,2055,2,34,119,6,870,225,49,7
22-Aug,Narok County,4920,26,66,22,9,2387,88,149,38
22-Aug,Nandi County,2663,6,129,39,62,1019,107,301,66
22-Aug,Nakuru County,10113,122,501,242,68,5190,695,1305,148
22-Aug,Nairobi County,16350,205,1555,644,144,6769,1383,2986,550
22-Aug,Muranga County,4636,12,524,249,75,1140,417,860,138
22-Aug,Mombasa County,3033,224,422,97,131,3107,231,1059,231
22-Aug,Migori County,6570,1,86,45,18,2540,79,186,80
22-Aug,Meru County,3588,43,164,104,96,1373,188,349,67
22-Aug,Marsabit County,1991,21,286,26,403,1250,78,680,1014
22-Aug,Mandera County,2291,236,228,135,162,6172,299,421,652
22-Aug,Makueni County,6338,8,354,108,70,1872,193,694,163
22-Aug,Machakos County,5738,116,63,3,99,2461,303,863,177
22-Aug,Lamu County,264,,21,7,2,1074,33,88,39
22-Aug,Laikipia County,2407,8,121,173,24,1449,342,450,61
22-Aug,Kwale County,6376,107,595,121,273,3813,323,777,385
22-Aug,Kitui County,4127,2,487,195,215,1730,256,819,278
22-Aug,Kisumu County,4633,109,217,129,84,2000,187,434,167
22-Aug,Kisii County,2379,,48,39,5,1627,128,83,28
22-Aug,Wajir County,6769,667,14,1,131,2890,112,497,803
22-Aug,West Pokot County,3809,23,42,9,79,2021,38,226,101
22-Sep,Baringo County,4503,2,230,144,151,2550,130,876,413
22-Sep,Bomet County,893,,2,,5,1669,78,192,39
22-Sep,Bungoma County,6669,14,77,61,11,2300,217,300,75
22-Sep,Busia County,4084,,410,184,105,1411,273,544,84
22-Sep,Elgeyo Marakwet County,1903,,80,29,5,1397,38,131,5
22-Sep,Embu County,2927,21,293,110,28,957,118,519,138
22-Sep,Garissa County,9765,358,4,4,81,1784,45,1054,1418
22-Sep,Homa Bay County,3612,34,159,213,35,1677,208,313,79
22-Sep,Isiolo County,1004,115,42,5,120,1205,72,217,346
22-Sep,Kajiado County,6193,78,238,192,83,3127,167,603,194
22-Sep,Kakamega County,9921,47,297,139,67,3074,337,672,265
22-Sep,Kericho County,1627,,12,7,1,1700,130,369,111
22-Sep,Kiambu County,8134,166,538,826,75,4597,715,1529,106
22-Sep,Kilifi County,7738,87,1539,383,257,6350,387,2230,540
22-Sep,Kirinyaga County,2241,2,109,49,24,2313,223,492,51
22-Sep,Vihiga County,3229,45,276,58,280,634,121,344,77
22-Sep,Uasin Gishu County,7223,,388,167,42,3459,299,834,185
22-Sep,Turkana County,9244,315,1255,392,680,7629,420,3459,3322
22-Sep,Trans Nzoia County,3028,379,234,136,30,780,270,452,70
22-Sep,Tharaka Nithi County,1944,,309,111,88,782,182,459,91
22-Sep,Tana River County,3139,396,136,8,185,1746,33,601,496
22-Sep,Taita Taveta County,1751,,266,162,73,992,205,575,136
22-Sep,Siaya County,3693,4,14,66,9,1279,60,117,27
22-Sep,Samburu County,1537,19,94,23,44,2043,24,533,637
22-Sep,Nyeri County,3577,17,225,151,44,1049,536,700,92
22-Sep,Nyandarua County,2004,,162,113,7,772,206,466,36
22-Sep,Nyamira County,2133,,70,41,6,868,50,73,7
22-Sep,Narok County,5574,31,49,38,324,2111,138,233,79
22-Sep,Nandi County,2183,7,108,38,15,937,128,399,179
22-Sep,Nakuru County,10756,264,552,314,82,5181,526,1273,198
22-Sep,Nairobi County,20906,413,1857,1172,434,8791,1426,3334,586
22-Sep,Muranga County,4637,4,615,258,190,1470,354,861,155
22-Sep,Mombasa County,4186,462,1150,140,142,3896,254,1064,236
22-Sep,Migori County,7971,65,167,124,168,2696,241,245,188
22-Sep,Meru County,3859,41,200,130,46,1560,269,414,52
22-Sep,Marsabit County,13565,368,440,14,225,1538,25,1302,2529
22-Sep,Mandera County,2186,332,159,77,154,7127,263,598,795
22-Sep,Makueni County,7324,61,484,123,179,2428,206,792,340
22-Sep,Machakos County,6083,90,60,15,131,2564,341,1118,180
22-Sep,Lamu County,302,,15,3,6,865,25,59,15
22-Sep,Laikipia County,2452,40,132,114,31,1565,317,345,66
22-Sep,Kwale County,6045,202,610,123,414,3227,300,1017,433
22-Sep,Kitui County,4266,12,812,184,219,1858,231,813,349
22-Sep,Kisumu County,5457,238,204,65,65,2156,190,440,102
22-Sep,Kisii County,3450,,38,43,35,1808,73,79,18
22-Sep,Wajir County,7386,2004,4,8,213,2968,123,839,1383
22-Sep,West Pokot County,4749,36,70,17,48,2597,72,415,150
22-Oct,Baringo County,16913,20,423,49,266,2594,111,657,554
22-Oct,Bomet County,895,,35,8,8,1377,80,137,18
22-Oct,Bungoma County,7073,7,94,72,30,2331,488,328,77
22-Oct,Busia County,3632,2,356,138,82,1424,246,580,114
22-Oct,Elgeyo Marakwet County,2601,,83,61,6,1387,57,135,15
22-Oct,Embu County,5813,70,215,126,32,1479,160,496,106
22-Oct,Garissa County,9657,230,14,71,341,1764,59,755,1021
22-Oct,Homa Bay County,3790,50,172,119,35,1948,227,302,70
22-Oct,Isiolo County,3453,138,33,2,143,1197,28,290,358
22-Oct,Kajiado County,9966,110,285,484,132,3238,181,1157,590
22-Oct,Kakamega County,10079,71,255,158,90,3272,302,895,325
22-Oct,Kericho County,2030,,18,134,7,2088,169,426,49
22-Oct,Kiambu County,18765,255,421,275,49,5686,684,1450,164
22-Oct,Kilifi County,8146,236,1605,398,419,5042,441,2265,664
22-Oct,Kirinyaga County,2009,1,96,25,10,2022,221,435,61
22-Oct,Vihiga County,2887,18,403,20,44,715,84,282,64
22-Oct,Uasin Gishu County,40781,,525,71,39,3567,284,1225,99
22-Oct,Turkana County,10645,458,1357,378,922,5964,367,4284,3712
22-Oct,Trans Nzoia County,2701,420,216,176,29,893,310,460,72
22-Oct,Tharaka Nithi County,1789,,224,95,44,753,143,435,76
22-Oct,Tana River County,16038,617,322,30,252,2007,118,843,658
22-Oct,Taita Taveta County,1623,1,380,156,67,914,221,1209,226
22-Oct,Siaya County,4185,,22,31,25,2034,136,201,62
22-Oct,Samburu County,2742,138,102,17,183,3292,25,646,862
22-Oct,Nyeri County,3315,45,241,247,46,1069,390,630,72
22-Oct,Nyandarua County,2028,,177,79,12,989,163,343,37
22-Oct,Nyamira County,1980,,57,47,12,831,60,72,12
22-Oct,Narok County,6654,30,93,37,16,2553,162,604,75
22-Oct,Nandi County,2329,,107,76,16,991,80,443,88
22-Oct,Nakuru County,9925,240,417,217,114,5796,547,997,195
22-Oct,Nairobi County,30590,373,2547,992,250,11097,1358,3278,518
22-Oct,Muranga County,5911,6,596,264,101,2056,420,1070,185
22-Oct,Mombasa County,3569,427,552,95,104,2915,241,1327,244
22-Oct,Migori County,7642,41,147,61,61,2347,125,364,77
22-Oct,Meru County,4150,40,154,171,25,1745,184,482,51
22-Oct,Marsabit County,2977,37,757,16,409,1228,36,1057,1530
22-Oct,Mandera County,2333,410,158,128,315,6274,246,549,808
22-Oct,Makueni County,8834,109,539,123,369,2303,211,1086,538
22-Oct,Machakos County,12076,81,25,15,142,3369,364,1091,219
22-Oct,Lamu County,265,,45,31,11,754,24,70,18
22-Oct,Laikipia County,2672,39,384,193,68,1486,429,539,229
22-Oct,Kwale County,8898,427,676,189,426,2618,335,1561,682
22-Oct,Kitui County,5933,8,4398,150,288,2242,181,1091,582
22-Oct,Kisumu County,6174,218,1099,784,301,2535,182,1198,227
22-Oct,Kisii County,3174,,61,38,19,1964,104,101,16
22-Oct,Wajir County,33469,4123,8,3,114,2966,285,1434,2568
22-Oct,West Pokot County,4354,40,59,140,47,2269,37,365,152
22-Nov,Baringo County,30446,19,533,58,317,3171,179,879,992
22-Nov,Bomet County,825,,6,7,3,1276,64,80,24
22-Nov,Bungoma County,13741,18,155,88,33,2482,272,366,158
22-Nov,Busia County,4413,,485,164,59,1662,230,614,102
22-Nov,Elgeyo Marakwet County,37508,,69,38,6,1766,38,110,5
22-Nov,Embu County,32845,43,346,112,32,1160,161,577,120
22-Nov,Garissa County,9470,347,26,13,104,2689,48,986,1089
22-Nov,Homa Bay County,92639,58,199,119,23,1840,178,330,55
22-Nov,Isiolo County,3826,55,19,1,88,1147,65,200,285
22-Nov,Kajiado County,87167,111,375,109,133,3210,202,1316,542
22-Nov,Kakamega County,13354,40,329,157,67,3411,289,903,148
22-Nov,Kericho County,2438,,16,18,11,2283,201,406,91
22-Nov,Kiambu County,111159,112,660,316,120,4858,742,1460,289
22-Nov,Kilifi County,86916,128,1839,347,463,6146,360,2120,696
22-Nov,Kirinyaga County,39484,,107,32,13,1809,201,456,59
22-Nov,Vihiga County,3182,33,187,56,27,573,129,253,93
22-Nov,Uasin Gishu County,53766,,265,54,49,3933,257,831,134
22-Nov,Turkana County,62519,608,897,224,1034,6526,639,4772,4403
22-Nov,Trans Nzoia County,5134,474,168,170,22,1217,357,467,49
22-Nov,Tharaka Nithi County,20160,11,203,109,22,849,169,408,55
22-Nov,Tana River County,2079,326,256,31,239,2145,40,805,773
22-Nov,Taita Taveta County,25979,4,335,70,86,835,201,687,204
22-Nov,Siaya County,92779,,18,37,5,1446,77,130,51
22-Nov,Samburu County,24969,322,151,1,120,3566,75,774,1005
22-Nov,Nyeri County,35175,50,243,193,22,1095,501,638,61
22-Nov,Nyandarua County,38462,,171,61,9,1063,202,317,62
22-Nov,Nyamira County,42587,,115,38,3,899,65,83,11
22-Nov,Narok County,100263,49,25,134,44,3490,102,133,55
22-Nov,Nandi County,20987,5,96,37,46,1213,117,236,28
22-Nov,Nakuru County,97659,282,406,174,48,5840,530,1193,220
22-Nov,Nairobi County,290543,349,1981,905,236,10510,1359,3376,756
22-Nov,Muranga County,31893,16,436,336,79,1891,361,886,131
22-Nov,Mombasa County,47602,317,471,134,64,3254,305,1175,183
22-Nov,Migori County,42024,62,112,55,81,2393,120,257,164
22-Nov,Meru County,83892,35,152,125,43,1894,225,340,61
22-Nov,Marsabit County,12634,138,376,57,361,1360,42,956,1659
22-Nov,Mandera County,3164,362,120,28,152,6512,258,531,714
22-Nov,Makueni County,49768,83,556,103,319,2332,223,1278,663
22-Nov,Machakos County,102167,97,26,17,88,3342,295,933,205
22-Nov,Lamu County,380,,43,13,4,870,19,144,9
22-Nov,Laikipia County,35642,8,222,185,40,769,348,421,44
22-Nov,Kwale County,55096,465,729,154,411,2915,289,1547,719
22-Nov,Kitui County,95906,47,729,129,309,2339,202,1988,927
22-Nov,Kisumu County,42358,201,87,45,48,2568,188,420,205
22-Nov,Kisii County,4393,4,33,28,15,1934,95,98,30
22-Nov,Wajir County,8714,1804,5,60,158,3696,157,826,1426
22-Nov,West Pokot County,14215,35,70,29,61,2665,90,385,144
22-Dec,Baringo County,5039,7,462,52,760,2337,94,976,998
22-Dec,Bomet County,616,2,2,2,6,1309,58,98,13
22-Dec,Bungoma County,10437,18,66,73,23,2799,229,403,87
22-Dec,Busia County,3565,,354,104,37,1512,195,531,76
22-Dec,Elgeyo Marakwet County,1430,,42,48,6,1788,58,81,15
22-Dec,Embu County,2787,85,246,79,49,1027,149,462,69
22-Dec,Garissa County,10193,244,108,15,361,3069,348,1018,1292
22-Dec,Homa Bay County,16184,15,244,107,13,1709,103,180,45
22-Dec,Isiolo County,1948,84,113,31,118,1425,22,222,361
22-Dec,Kajiado County,8768,200,449,58,146,3251,150,945,662
22-Dec,Kakamega County,103232,26,295,109,55,3186,267,554,128
22-Dec,Kericho County,1858,,17,11,7,2364,126,303,32
22-Dec,Kiambu County,7463,254,464,307,57,4871,514,1269,135
22-Dec,Kilifi County,6062,76,1393,316,330,5597,348,2185,676
22-Dec,Kirinyaga County,1965,,84,19,9,1571,134,489,45
22-Dec,Vihiga County,5770,21,158,256,27,505,86,317,59
22-Dec,Uasin Gishu County,8624,,356,98,43,4377,189,1035,146
22-Dec,Turkana County,38896,226,689,198,1461,6656,279,3775,3792
22-Dec,Trans Nzoia County,139294,388,223,141,9,1141,239,415,74
22-Dec,Tharaka Nithi County,1896,30,208,92,35,1250,155,394,48
22-Dec,Tana River County,4550,639,433,7,259,1852,33,1111,1075
22-Dec,Taita Taveta County,2191,6,153,86,53,1022,151,507,130
22-Dec,Siaya County,3896,1,30,7,20,1553,87,141,48
22-Dec,Samburu County,1729,131,89,26,59,3073,13,331,539
22-Dec,Nyeri County,9894,19,217,223,28,800,465,573,58
22-Dec,Nyandarua County,2253,,113,82,20,958,199,283,37
22-Dec,Nyamira County,1833,,52,35,3,797,39,84,64
22-Dec,Narok County,6803,42,100,189,43,2825,97,259,86
22-Dec,Nandi County,1488,21,144,55,3,1093,167,249,27
22-Dec,Nakuru County,7850,238,440,265,49,4972,564,1101,146
22-Dec,Nairobi County,54845,338,1741,1142,705,8159,1341,3741,477
22-Dec,Muranga County,4770,20,436,171,100,1791,273,797,112
22-Dec,Mombasa County,3275,316,385,65,121,3487,275,1209,279
22-Dec,Migori County,6825,47,112,56,109,2024,128,239,104
22-Dec,Meru County,24349,17,281,103,39,2066,288,422,66
22-Dec,Marsabit County,6392,148,38,36,107,1291,52,852,1111
22-Dec,Mandera County,7862,430,186,27,116,7692,158,441,529
22-Dec,Makueni County,6228,172,550,63,320,2797,122,1219,954
22-Dec,Machakos County,5182,128,46,50,270,3876,329,1073.3,171
22-Dec,Lamu County,303,,20,13,4,866,12,56,24
22-Dec,Laikipia County,2620,24,282,216,57,1211,451,531,100
22-Dec,Kwale County,5565,254,548,97,369,2916,316,1269,654
22-Dec,Kitui County,6614,2,693,127,387,2774,314,1493,789
22-Dec,Kisumu County,5054,188,99,65,28,2409,173,547,148
22-Dec,Kisii County,3417,3,66,131,26,1565,69,181,28
22-Dec,Wajir County,13620,1448,3,11,331,5212,129,964,1289
22-Dec,West Pokot County,9610,36,85,7,73,2791,42,320,102
21-Jan,Baringo County,1917,4,66,555,17,895,78,90,21
21-Jan,Bomet County,1306,,40,17,33,4255,58,96,33
21-Jan,Bungoma County,4367,,46,44,22,2045,154,190,54
21-Jan,Busia County,885,,149,883,7,514,70,70,13
21-Jan,Elgeyo Marakwet County,1767,,56,53,2,1881,58,85,11
21-Jan,Embu County,817,10,15,4,,384,83,211,13
21-Jan,Garissa County,4888,65,37,6,67,1514,64,370,253
21-Jan,Homa Bay County,1377,9,56,165,8,829,31,184,126
21-Jan,Isiolo County,1093,28,24,1,55,892,24,105,97
21-Jan,Kajiado County,4866,63,147,77,43,2690,170,264,3256
21-Jan,Kakamega County,5500,18,42,33,17,2044,129,169,83
21-Jan,Kericho County,599,,,,1,1034,55,149,27
21-Jan,Kiambu County,4362,3,142,83,12,3274,368,525,95
21-Jan,Kilifi County,2482,1,444,145,216,2960,212,813,128
21-Jan,Kirinyaga County,1666,,76,18,5,2804,68,316,196
21-Jan,Vihiga County,1254,18,78,9,2,198,19,35,7
21-Jan,Uasin Gishu County,2660,,181,149,10,3859,174,291,33
21-Jan,Turkana County,7529,79,280,106,139,5409,218,1236,1181
21-Jan,Trans Nzoia County,305,,7,89,6,704,36,24,10
21-Jan,Tharaka Nithi County,2484,23,56,69,38,1045,77,199,40
21-Jan,Tana River County,1208,114,77,26,29,1670,52,276,130
21-Jan,Taita Taveta County,211,,32,4,8,251,50,36,15
21-Jan,Siaya County,1927,,,6,3,920,41,93,19
21-Jan,Samburu County,2100,9,63,19,28,1630,33,224,161
21-Jan,Nyeri County,3255,10,156,133,15,1482,279,327,46
21-Jan,Nyandarua County,2623,,53,43,14,909,86,162,27
21-Jan,Nyamira County,1146,,10,44,1,597,42,64,11
21-Jan,Narok County,6303,22,64,41,33,2827,86,374,42
21-Jan,Nandi County,1618,2,9,19,26,843,29,50,12
21-Jan,Nakuru County,9728,49,967,309,42,7620,912,1568,163
21-Jan,Nairobi County,14049,224,1782,513,268,6598,853,2002,317
21-Jan,Muranga County,4902,,465,140,33,2158,220,529,54
21-Jan,Mombasa County,1963,54,159,109,6,1734,277,671,71
21-Jan,Migori County,7981,27,20,8,2,1002,33,64,6
21-Jan,Meru County,1872,19,45,93,19,1131,144,111,29
21-Jan,Marsabit County,2212,23,99,35,206,1947,67,253,433
21-Jan,Mandera County,3986,23,123,42,137,5216,116,399,512
21-Jan,Makueni County,4054,5,596,80,85,1507,99,393,114
21-Jan,Machakos County,4748,199,127,63,109,3631,321,681,146
21-Jan,Lamu County,162,,3,,,530,6,26,5
21-Jan,Laikipia County,10948,,113,137,69,1647,176,248,31
21-Jan,Kwale County,34623,4,204,31,41,544,47,308,50
21-Jan,Kitui County,1593,2,109,35,37,928,106,269,79
21-Jan,Kisumu County,1893,11,29,6,27,2580,191,192,50
21-Jan,Kisii County,774,,12,4,12,678,128,81,131
21-Jan,Wajir County,5854,354,179,16,252,2146,55,535,524
21-Jan,West Pokot County,2630,28,41,26,16,2371,38,170,86
21-Feb,Baringo County,4376,1,114,34,24,1599,72,212,107
21-Feb,Bomet County,1428,,10,3,6,3691,47,42,11
21-Feb,Bungoma County,7537,,133,52,40,3582,340,444,117
21-Feb,Busia County,1937,3,104,53,15,737,114,183,30
21-Feb,Elgeyo Marakwet County,3860,,121,69,26,2734,106,403,51
21-Feb,Embu County,2889,36,169,115,36,768,152,503,64
21-Feb,Garissa County,6436,123,47,11,47,1716,65,290,356
21-Feb,Homa Bay County,3368,5,103,152,49,1838,90,263,65
21-Feb,Isiolo County,1074,29,69,8,49,950,14,118,121
21-Feb,Kajiado County,5538,50,170,108,30,4174,211,306,60
21-Feb,Kakamega County,10379,,78,40,18,3444,167,359,400
21-Feb,Kericho County,1581,,7,,4,3125,87,229,42
21-Feb,Kiambu County,5934,149,528,157,33,4954,436,941,112
21-Feb,Kilifi County,2890,,466,173,100,4498,211,798,185
21-Feb,Kirinyaga County,1604,,65,43,21,1902,97,233,48
21-Feb,Vihiga County,1074,29,38,23,8,247,28,67,25
21-Feb,Uasin Gishu County,6270,,342,96,48,5442,226,556,28
21-Feb,Turkana County,8635,150,244,65,189,6372,345,1383,1161
21-Feb,Trans Nzoia County,1093,,7,9,,732,34,24,1
21-Feb,Tharaka Nithi County,2502,15,94,64,22,940,123,203,31
21-Feb,Tana River County,1524,95,108,67,64,1834,44,309,102
21-Feb,Taita Taveta County,319,,40,6,8,255,19,68,11
21-Feb,Siaya County,2331,,15,8,4,1313,60,95,38
21-Feb,Samburu County,2025,,89,7,25,1704,87,267,207
21-Feb,Nyeri County,3536,7,157,144,18,1384,210,403,51
21-Feb,Nyandarua County,3018,,169,82,13,947,132,174,32
21-Feb,Nyamira County,1712,9,46,26,5,784,49,75,28
21-Feb,Narok County,6502,18,105,54,25,2510,78,147,63
21-Feb,Nandi County,4090,85,56,35,7,1763,68,206,19
21-Feb,Nakuru County,10104,94,276,393,58,7304,750,1256,156
21-Feb,Nairobi County,19529,324,1684,1742,329,9130,967,2869,775
21-Feb,Muranga County,5995,4,386,171,49,2143,273,562,106
21-Feb,Mombasa County,2215,25,180,132,23,2306,268,783,128
21-Feb,Migori County,2257,16,19,25,9,1281,46,154,24
21-Feb,Meru County,3380,20,88,54,71,2529,171,253,67
21-Feb,Marsabit County,2388,22,374,76,99,1792,60,493,459
21-Feb,Mandera County,3572,18,60,12,64,3894,188,427,411
21-Feb,Makueni County,7391,9,274,120,64,3291,124,682,154
21-Feb,Machakos County,4842,193,51,90,74,4122,354,719,180
21-Feb,Lamu County,191,,8,,,823,11,16,10
21-Feb,Laikipia County,2389,45,148,147,42,1426,318,377,61
21-Feb,Kwale County,6809,24,484,77,199,2723,156,752,329
21-Feb,Kitui County,5654,2,398,169,148,2523,149,674,379
21-Feb,Kisumu County,2703,38,21,60,4,2177,116,297,62
21-Feb,Kisii County,1576,,33,44,3,1325,163,194,10
21-Feb,Wajir County,7706,580,105,7,254,1969,55,460,477
21-Feb,West Pokot County,2567,44,28,32,22,2477,69,102,45
21-Mar,Baringo County,4291,8,150,63,55,2331,92,308,132
21-Mar,Bomet County,1291,,4,2,,2582,64,142,14
21-Mar,Bungoma County,11159,,67,88,36,3464,529,401,175
21-Mar,Busia County,9630,20,288,147,82,2147,272,558,342
21-Mar,Elgeyo Marakwet County,2116,,309,169,5,2783,147,239,32
21-Mar,Embu County,9178,37,263,79,46,1160,125,502,64
21-Mar,Garissa County,6944,93,13,10,49,1362,103,418,437
21-Mar,Homa Bay County,4504,16,230,141,34,2314,144,371,63
21-Mar,Isiolo County,1071,25,16,11,24,788,18,131,72
21-Mar,Kajiado County,7161,43,320,460,39,5545,241,443,120
21-Mar,Kakamega County,12481,11,262,190,136,4281,243,1124,271
21-Mar,Kericho County,1625,,19,36,8,3136,136,246,24
21-Mar,Kiambu County,6722,141,411,408,57,6831,593,1188,148
21-Mar,Kilifi County,7674,4,1236,368,197,8612,464,1959,411
21-Mar,Kirinyaga County,2110,,98,23,4,2095,112,355,33
21-Mar,Vihiga County,2865,28,120,43,29,816,117,295,80
21-Mar,Uasin Gishu County,7092,,342,775,13,6813,302,604,54
21-Mar,Turkana County,16440,92,354,101,283,6862,373,1345,1361
21-Mar,Trans Nzoia County,2138,2,169,107,9,2135,176,325,40
21-Mar,Tharaka Nithi County,2608,14,88,54,35,1094,124,278,48
21-Mar,Tana River County,1633,151,193,84,86,1688,53,382,212
21-Mar,Taita Taveta County,1877,14,206,65,65,659,98,359,143
21-Mar,Siaya County,5766,,10,146,2,2137,121,131,35
21-Mar,Samburu County,1365,16,103,15,18,2070,18,239,188
21-Mar,Nyeri County,3061,9,201,200,22,1407,230,390,82
21-Mar,Nyandarua County,2374,,55,72,7,1217,100,204,23
21-Mar,Nyamira County,2008,,6,45,4,1011,24,58,6
21-Mar,Narok County,7225,25,105,71,18,2227,114,168,55
21-Mar,Nandi County,4946,23,85,36,15,2008,98,256,45
21-Mar,Nakuru County,9578,79,321,221,57,7239,1158,1388,266
21-Mar,Nairobi County,17603,291,1774,756,319,10302,1170,5348,577
21-Mar,Muranga County,4975,6,529,463,92,1860,493,919,278
21-Mar,Mombasa County,3331,174,230,164,15,3948,371,1146,152
21-Mar,Migori County,6848,35,51,19,24,3171,108,147,37
21-Mar,Meru County,3528,22,228,162,43,2724,230,308,57
21-Mar,Marsabit County,2920,109,273,29,248,2200,189,675,697
21-Mar,Mandera County,3460,72,60,32,34,4608,104,371,402
21-Mar,Makueni County,8419,10,340,48,203,2886,116,721,235
21-Mar,Machakos County,5437,176,50,31,103,4118,374,895,227
21-Mar,Lamu County,294,,37,5,,710,22,53,18
21-Mar,Laikipia County,2143,48,135,152,30,1509,310,365,54
21-Mar,Kwale County,8138,65,547,186,326,3254,211,967,499
21-Mar,Kitui County,5920,6,328,72,254,2443,357,589,307
21-Mar,Kisumu County,6782,56,101,91,82,3747,197,439,134
21-Mar,Kisii County,4585,,179,152,14,2376,290,209,42
21-Mar,Wajir County,6749,539,41,1,170,2346,55,384,522
21-Mar,West Pokot County,2762,25,76,60,25,2179,140,256,61
21-Apr,Baringo County,3306,4,145,72,29,1847,101,308,157
21-Apr,Bomet County,944,,3,,14,2336,71,127,12
21-Apr,Bungoma County,7186,,132,107,84,2886,255,327,126
21-Apr,Busia County,4997,20,352,90,138,1465,197,536,193
21-Apr,Elgeyo Marakwet County,1699,,104,102,7,1867,59,265,13
21-Apr,Embu County,2349,,227,105,54,762,184,469,53
21-Apr,Garissa County,7073,95,24,5,28,1756,116,315,610
21-Apr,Homa Bay County,3209,69,145,68,18,1410,207,241,51
21-Apr,Isiolo County,874,35,41,99,99,734,53,109,139
21-Apr,Kajiado County,5459,87,197,258,34,3365,203,332,78
21-Apr,Kakamega County,10098,16,84,649,24,3713,387,340,66
21-Apr,Kericho County,1583,,2,1,5,2340,98,202,70
21-Apr,Kiambu County,7076,137,352,596,57,4226,619,1302,118
21-Apr,Kilifi County,6301,4,869,309,181,6005,521,1592,312
21-Apr,Kirinyaga County,1762,,142,39,5,1504,112,367,50
21-Apr,Vihiga County,2349,29,130,61,25,563,102,231,41
21-Apr,Uasin Gishu County,4935,1,188,764,16,5115,276,517,49
21-Apr,Turkana County,15382,337,289,110,209,7586,240,1503,1426
21-Apr,Trans Nzoia County,1518,22,146,109,13,1735,192,272,32
21-Apr,Tharaka Nithi County,1669,13,106,28,49,758,86,476,63
21-Apr,Tana River County,2271,273,142,18,41,1193,84,353,158
21-Apr,Taita Taveta County,1968,18,173,63,73,604,109,294,117
21-Apr,Siaya County,4132,,42,32,11,1526,299,128,43
21-Apr,Samburu County,1139,,48,90,49,1639,37,1047,324
21-Apr,Nyeri County,2540,5,383,179,13,822,266,799,66
21-Apr,Nyandarua County,2060,,117,83,13,754,146,214,51
21-Apr,Nyamira County,2160,,35,84,1,849,45,95,6
21-Apr,Narok County,4907,24,54,42,20,2211,93,169,81
21-Apr,Nandi County,3762,16,88,45,9,1529,82,208,31
21-Apr,Nakuru County,8719,62,552,332,64,4825,831,1141,132
21-Apr,Nairobi County,18502,446,1801,721,163,8168,1193,2846,463
21-Apr,Muranga County,5422,1,323,270,59,1137,329,577,65
21-Apr,Mombasa County,2727,118,536,197,41,2667,343,994,176
21-Apr,Migori County,6171,27,45,24,14,3093,85,165,29
21-Apr,Meru County,3199,20,110,71,322,2350,268,370,32
21-Apr,Marsabit County,4045,91,205,33,158,1726,106,636,661
21-Apr,Mandera County,3664,99,67,34,66,4479,181,388,536
21-Apr,Makueni County,5775,10,343,85,105,1896,166,637,172
21-Apr,Machakos County,5106,233,40,79,80,2848,347,842,132
21-Apr,Lamu County,258,,11,27,5,603,21,42,17
21-Apr,Laikipia County,1848,66,205,193,45,1001,389,436,111
21-Apr,Kwale County,22202,44,537,173,413,2541,207,938,584
21-Apr,Kitui County,4588,,388,431,99,1746,192,549,212
21-Apr,Kisumu County,5061,38,49,33,93,2491,185,432,150
21-Apr,Kisii County,2451,,56,468,14,1835,194,195,28
21-Apr,Wajir County,9840,584,125,36,272,2610,84,455,697
21-Apr,West Pokot County,2765,39,62,143,23,2426,43,250,79
21-May,Baringo County,13782,2,161,70,71,2131,98,391,110
21-May,Bomet County,1336,,11,4,2,2201,71,71,36
21-May,Bungoma County,9139,,46,268,59,3033,267,500,169
21-May,Busia County,5059,14,216,105,74,1719,197,391,168
21-May,Elgeyo Marakwet County,3497,,83,73,22,1690,87,228,113
21-May,Embu County,37043,10,255,348,227,961,161,697,80
21-May,Garissa County,6103,98,37,8,30,1828,102,536,383
21-May,Homa Bay County,3137,14,124,208,34,1332,147,363,50
21-May,Isiolo County,3280,11,19,5,95,922,20,90,124
21-May,Kajiado County,5632,50,178,81,41,3612,180,262,108
21-May,Kakamega County,10716,3,116,39,85,4701,150,467,361
21-May,Kericho County,1906,,2,6,2,1612,99,644,33
21-May,Kiambu County,20477,93,417,315,108,4929,660,1290,176
21-May,Kilifi County,127503,3,782,173,209,8403,348,1519,308
21-May,Kirinyaga County,1765,,152,51,19,2195,107,698,58
21-May,Vihiga County,2361,29,107,37,55,644,55,199,57
21-May,Uasin Gishu County,70708,,185,146,17,6443,280,478,46
21-May,Turkana County,37504,167,353,87,220,8708,191,1448,1401
21-May,Trans Nzoia County,1528,,128,198,15,1697,176,210,34
21-May,Tharaka Nithi County,23677,14,91,59,26,993,125,313,72
21-May,Tana River County,1398,79,160,32,54,1235,35,326,201
21-May,Taita Taveta County,31430,,343,45,53,783,159,377,133
21-May,Siaya County,30485,,31,8,86,2241,86,213,598
21-May,Samburu County,17181,,33,10,29,2101,80,248,282
21-May,Nyeri County,4571,12,265,183,18,882,228,417,88
21-May,Nyandarua County,19963,,83,64,13,664,141,235,30
21-May,Nyamira County,5602,,28,47,4,888,66,129,18
21-May,Narok County,6196,29,212,59,21,2201,126,139,63
21-May,Nandi County,21548,16,98,89,29,1320,121,232,39
21-May,Nakuru County,15893,21,365,152,48,5187,636,1199,173
21-May,Nairobi County,91975,264,1528,566,2036,9616,1157,3388,558
21-May,Muranga County,21263,1,321,209,38,1423,318,748,251
21-May,Mombasa County,3103,130,291,177,34,3909,299,1112,173
21-May,Migori County,23069,26,36,24,105,2067,61,104,24
21-May,Meru County,3373,17,103,42,13,2111,198,234,45
21-May,Marsabit County,15936,34,293,20,368,1877,69,745,592
21-May,Mandera County,2693,55,101,57,74,5625,198,527,477
21-May,Makueni County,24638,17,336,79,140,2169,151,624,238
21-May,Machakos County,21059,63,43,65,99,3724,424,757,177
21-May,Lamu County,218,,6,3,,615,10,34,13
21-May,Laikipia County,2322,28,181,220,68,1318,396,428,80
21-May,Kwale County,56028,21,384,169,231,3263,206,650,378
21-May,Kitui County,11182,,277,77,268,1809,172,543,298
21-May,Kisumu County,4996,13,54,25,44,3336,152,326,199
21-May,Kisii County,2875,,178,240,57,1886,251,174,14
21-May,Wajir County,5875,139,67,13,328,2960,65,416,504
21-May,West Pokot County,24290,29,65,11,53,2552,30,184,166
21-Jun,Baringo County,24348,,117,95,122,2705,84,253,175
21-Jun,Bomet County,2022,,2,2,3,2428,63,88,10
21-Jun,Bungoma County,11934,,174,81,37,2888,347,408,543
21-Jun,Busia County,8405,8,278,150,30,1743,151,652,285
21-Jun,Elgeyo Marakwet County,25067,,110,101,31,2581,139,162,52
21-Jun,Embu County,2576,41,389,60,35,922,148,816,75
21-Jun,Garissa County,26915,67,35,5,49,1769,98,447,519
21-Jun,Homa Bay County,3133,5,57,71,6,1084,70,173,13
21-Jun,Isiolo County,21825,12,114,17,65,1024,46,117,121
21-Jun,Kajiado County,16036,38,253,79,123,3052,151,436,71
21-Jun,Kakamega County,43050,,97,44,104,4586,207,455,248
21-Jun,Kericho County,1933,,8,5,4,2933,122,235,24
21-Jun,Kiambu County,7003,85,497,420,111,4228,576,856,202
21-Jun,Kilifi County,104764,10,824,215,241,6633,316,1402,344
21-Jun,Kirinyaga County,1682,,145,67,28,4114,134,394,37
21-Jun,Vihiga County,2160,21,117,32,70,631,77,221,47
21-Jun,Uasin Gishu County,8560,,273,108,176,6029,253,605,81
21-Jun,Turkana County,10137,182,286,157,214,6518,168,1267,1353
21-Jun,Trans Nzoia County,1880,,62,72,26,1789,125,200,42
21-Jun,Tharaka Nithi County,2720,15,162,82,14,662,123,483,38
21-Jun,Tana River County,2688,147,147,7,47,1429,53,357,187
21-Jun,Taita Taveta County,1225,,114,40,86,1802,91,276,236
21-Jun,Siaya County,71121,4,10,8,105,2579,64,369,155
21-Jun,Samburu County,10829,2,38,51,23,2231,68,599,253
21-Jun,Nyeri County,7151,32,210,134,71,821,291,427,66
21-Jun,Nyandarua County,3757,,108,74,4,881,165,225,38
21-Jun,Nyamira County,2499,,33,11,1,779,41,56,7
21-Jun,Narok County,101894,17,90,206,159,2195,132,260,177
21-Jun,Nandi County,6861,15,71,138,27,1771,199,212,332
21-Jun,Nakuru County,82403,39,460,245,102,6824,737,1407,191
21-Jun,Nairobi County,141850,295,1499,738,262,9212,1164,3711,432
21-Jun,Muranga County,4291,1,469,360,34,1205,437,746,119
21-Jun,Mombasa County,3666,281,539,244,39,5232,350,858,168
21-Jun,Migori County,14330,21,52,252,20,2245,83,249,37
21-Jun,Meru County,39597,28,132,76,31,1746,236,222,52
21-Jun,Marsabit County,16681,13,178,17,179,1613,65,395,567
21-Jun,Mandera County,3424,51,113,70,691,5650,272,554,1017
21-Jun,Makueni County,23502,24,296,73,110,1964,137,510,197
21-Jun,Machakos County,5072,155,60,112,60,3038,377,629,171
21-Jun,Lamu County,139,,2,5,,633,15,42,14
21-Jun,Laikipia County,23218,33,262,232,51,1357,402,405,74
21-Jun,Kwale County,6341,28,335,97,243,2584,189,598,342
21-Jun,Kitui County,65676,5,288,153,114,1745,157,501,255
21-Jun,Kisumu County,5628,32,40,18,25,3343,138,358,60
21-Jun,Kisii County,3919,,105,187,7,2325,204,362,23
21-Jun,Wajir County,9815,242,148,13,292,2453,93,345,570
21-Jun,West Pokot County,12700,24,71,13,31,2474,42,205,51
21-Jul,Baringo County,4067,1,113,48,168,2387,250,180,159.5
21-Jul,Bomet County,1362,,2,22,4,3075,97,81,17
21-Jul,Bungoma County,7558,,338,65,19,2037,287,299,228
21-Jul,Busia County,4014,4,216,90,40,1576,199,404,86
21-Jul,Elgeyo Marakwet County,1617,,59,42,5,1992,64,90,8
21-Jul,Embu County,3008,20,265,76,43,783,151,510,94
21-Jul,Garissa County,5896,94,25,100,97,1722,134,357,571
21-Jul,Homa Bay County,3428,43,55,142,14,1794,240,116,21
21-Jul,Isiolo County,805,11,20,8,6,850,23,73,32
21-Jul,Kajiado County,4687,30,255,302,54,2983,167,374,65
21-Jul,Kakamega County,12753,7,119,75,33,3333,249,546,190
21-Jul,Kericho County,2369,,49,48,9,2058,149,313,38
21-Jul,Kiambu County,6438,92,746,451,72,4406,733,973,118
21-Jul,Kilifi County,5834,2,871,318,224,8711,452,1607,382
21-Jul,Kirinyaga County,1739,1,516,104,16,1742,209,441,20
21-Jul,Vihiga County,1579,32,127,41,20,635,84,151,46
21-Jul,Uasin Gishu County,5422,,260,87,168,4397,221,523,29
21-Jul,Turkana County,7780,237,336,131,312,5901,245,1214,1177
21-Jul,Trans Nzoia County,1060,,85,104,13,1502,152,196,29
21-Jul,Tharaka Nithi County,4064,26,187,57,47,599,128,274,57
21-Jul,Tana River County,1719,238,99,11,65,1924,76,399,236
21-Jul,Taita Taveta County,1226,,378,59,78,1174,147,346,149
21-Jul,Siaya County,3277,2,29,22,35,1885,284,219,44
21-Jul,Samburu County,1790,13,125,27,13,1711,98,394,286
21-Jul,Nyeri County,3647,9,232,164,36,900,255,471,58
21-Jul,Nyandarua County,2319,,118,81,20,814,134,223,59
21-Jul,Nyamira County,2823,,67,36,5,841,81,123,10
21-Jul,Narok County,7319,19,95,141,35,1809,99,187,63
21-Jul,Nandi County,7651,,209,77,159,1860,158,319,68
21-Jul,Nakuru County,9921,67,532,233,50,5868,747,2008,980
21-Jul,Nairobi County,21430,278,1600,775,261,8798,1039,2659,431
21-Jul,Muranga County,4190,,310,251,71,1338,351,547,86
21-Jul,Mombasa County,3491,208,245,615,21,4525,252,753,114
21-Jul,Migori County,6811,6,32,40,36,3070,79,91,26
21-Jul,Meru County,5086,29,413,95,23,1419,233,295,2748
21-Jul,Marsabit County,2435,5,290,75,279,1764,90,517,596
21-Jul,Mandera County,3010,103,130,143,117,4287,140,462,439
21-Jul,Makueni County,6733,3,307,126,93,1781,208,563,172
21-Jul,Machakos County,4818,121,42,43,123,2756,490,765,164
21-Jul,Lamu County,297,,31,12,2,789,39,81,33
21-Jul,Laikipia County,3024,36,245,215,50,1407,413,421,73
21-Jul,Kwale County,7575,47,402,213,296,2731,392,719,351
21-Jul,Kitui County,4731,13,255,202,73,1696,205,479,206
21-Jul,Kisumu County,4449,60,97,77,22,2432,405,429,371
21-Jul,Kisii County,2954,,76,254,6,2137,285,120,44
21-Jul,Wajir County,5776,383,78,33,153,2054,58,410,527
21-Jul,West Pokot County,3094,24,23,14,19,2334,46,137,92
21-Aug,Baringo County,3153,2,110,113,53,2465,83,176,144
21-Aug,Bomet County,938,,,5,12,2682,107,128,40
21-Aug,Bungoma County,9795,,154,54,31,2906,346,454,178
21-Aug,Busia County,3875,5,228,106,51,1539,199,436,127
21-Aug,Elgeyo Marakwet County,2158,,82,100,13,1849,71,133,26
21-Aug,Embu County,2971,18,252,136,34,1180,139,542,74
21-Aug,Garissa County,7728,51,94,2,112,1995,129,421,501
21-Aug,Homa Bay County,3017,53,99,74,10,2158,97,201,49
21-Aug,Isiolo County,1243,147,25,207,3,884,14,130,123
21-Aug,Kajiado County,4912,45,314,360,15,2982,141,225,140
21-Aug,Kakamega County,10992,,155,94,102,3290,285,602,127
21-Aug,Kericho County,1998,,66,29,168,2821,161,189,25
21-Aug,Kiambu County,6386,66,584,469,60,5322,722,987,146
21-Aug,Kilifi County,7053,,992,431,183,9181,460,1668,359
21-Aug,Kirinyaga County,1495,,384,120,30,1740,220,499,58
21-Aug,Vihiga County,2862,25,70,34,15,653,97,281,54
21-Aug,Uasin Gishu County,4975,,215,99,16,4132,226,600,29
21-Aug,Turkana County,6836,115,196,133,377,6265,322,1143,1552
21-Aug,Trans Nzoia County,1490,2,122,134,59,1316,159,192,43
21-Aug,Tharaka Nithi County,2183,22,147,64,49,851,110,365,71
21-Aug,Tana River County,1889,135,128,10,40,1915,36,336,229
21-Aug,Taita Taveta County,1956,,154,64,45,1074,160,369,157
21-Aug,Siaya County,3151,,25,14,15,2851,77,155,42
21-Aug,Samburu County,1507,15,66,103,20,1557,81,308,267
21-Aug,Nyeri County,3604,11,281,155,42,973,232,399,90
21-Aug,Nyandarua County,2287,,235,351,33,944,105,234,69
21-Aug,Nyamira County,1868,,42,15,23,1061,77,296,8
21-Aug,Narok County,6018,6,58,103,6,2026,90,500,23
21-Aug,Nandi County,7001,,177,109,26,1837,136,348,150
21-Aug,Nakuru County,13014,40,412,295,37,6610,909,1279,165
21-Aug,Nairobi County,19659,228,2118,752,241,9574,1156,3131,537
21-Aug,Muranga County,4558,,319,317,137,1612,493,565,109
21-Aug,Mombasa County,3013,115,386,184,30,4311,278,812,119
21-Aug,Migori County,7557,16,42,68,51,4119,100,208,57
21-Aug,Meru County,4605,22,119,116,35,1566,1738,287,46
21-Aug,Marsabit County,2783,5,77,40,130,1658,34,445,544
21-Aug,Mandera County,2728,55,81,82,130,4493,108,347,488
21-Aug,Makueni County,6875,10,320,125,125,2123,141,443,281
21-Aug,Machakos County,5463,185,30,53,94,2662,417,732,212
21-Aug,Lamu County,205,,15,9,2,1010,34,76,24
21-Aug,Laikipia County,2426,30,241,258,65,796,416,447,72
21-Aug,Kwale County,7442,37,392,138,274,3404,219,650,412
21-Aug,Kitui County,4560,3,212,218,78,2053,254,495,249
21-Aug,Kisumu County,5086,39,101,26,61,3061,143,627,263
21-Aug,Kisii County,3290,,76,178,22,2506,196,115,27
21-Aug,Wajir County,6742,362,217,25,425,2222,50,604,903
21-Aug,West Pokot County,3744,20,45,47,14,1948,55,169,57
21-Sep,Baringo County,4715,3,134,106,65,2411,164,297,207
21-Sep,Bomet County,1180,,8,7,12,2303,84,95,16
21-Sep,Bungoma County,8857,,120,99,20,2615,574,324,150
21-Sep,Busia County,4273,,253,218,113,1858,396,401,988
21-Sep,Elgeyo Marakwet County,1513,,85,53,4,1557,66,123,7
21-Sep,Embu County,3000,52,278,96,64,1113,169,593,99
21-Sep,Garissa County,7624,113,21,3,113,1896,77,251,381
21-Sep,Homa Bay County,2265,6,88,75,5,1220,82,105,51
21-Sep,Isiolo County,746,46,29,62,50,925,50,199,163
21-Sep,Kajiado County,6776,82,459,120,54,3468,161,371,136
21-Sep,Kakamega County,9471,1,154,76,33,3147,256,382,211
21-Sep,Kericho County,1916,,21,43,11,9729,166,242,62
21-Sep,Kiambu County,6231,74,543,609,72,5607,654,970,129
21-Sep,Kilifi County,7235,1,903,287,187,6971,362,1448,400
21-Sep,Kirinyaga County,1470,,263,116,17,1665,290,575,52
21-Sep,Vihiga County,3033,38,361,30,26,668,68,220,83
21-Sep,Uasin Gishu County,5917,,179,147,15,3600,213,623,30
21-Sep,Turkana County,9208,207,379,188,274,5840,327,1494,2964
21-Sep,Trans Nzoia County,1670,3,118,160,25,1127,155,227,27
21-Sep,Tharaka Nithi County,2234,10,179,86,197,951,127,331,61
21-Sep,Tana River County,1716,156,148,10,36,1575,42,498,235
21-Sep,Taita Taveta County,5741,3,140,64,87,714,123,448,203
21-Sep,Siaya County,4924,,22,8,49,1514,63,124,15
21-Sep,Samburu County,1319,1,56,15,27,1835,53,892,211
21-Sep,Nyeri County,3356,14,205,155,12,935,249,453,34
21-Sep,Nyandarua County,2325,,89,77,17,964,106,213,49
21-Sep,Nyamira County,3068,,73,81,12,1270,83,88,18
21-Sep,Narok County,5333,19,77,265,13,2301,113,179,47
21-Sep,Nandi County,4241,7,273,79,107,1552,148,433,205
21-Sep,Nakuru County,12040,56,350,273,116,6135,783,1190,136
21-Sep,Nairobi County,20609,349,1599,694,387,12455,1361,2716,477
21-Sep,Muranga County,4811,,475,370,69,1331,396,685,118
21-Sep,Mombasa County,3059,106,294,170,47,3100,320,818,125
21-Sep,Migori County,7721,27,70,37,25,3750,124,242,85
21-Sep,Meru County,4568,23,118,73,46,1481,205,360,32
21-Sep,Marsabit County,2453,43,90,17,105,1738,63,482,680
21-Sep,Mandera County,3234,66,50,89,65,4412,179,498,570
21-Sep,Makueni County,9843,12,314,98,115,2316,124,1033,193
21-Sep,Machakos County,5529,130,52,15,77,2861,335,751,140
21-Sep,Lamu County,255,,25,19,1,878,28,57,14
21-Sep,Laikipia County,2496,36,237,246,50,1445,411,444,64
21-Sep,Kwale County,7082,64,472,156,641,3319,274,1267,432
21-Sep,Kitui County,4456,6,274,186,125,1788,256,503,219
21-Sep,Kisumu County,5486,50,66,91,40,3670,230,409,145
21-Sep,Kisii County,2627,,94,191,3,2574,218,276,38
21-Sep,Wajir County,5772,214,262,4,251,2349,41,558,583
21-Sep,West Pokot County,4315,52,55,39,47,2451,92,126,174
21-Oct,Baringo County,3745,,317,75,41,2290,59,247,166
21-Oct,Bomet County,1409,,,6,11,2384,114,92,32
21-Oct,Bungoma County,8434,,265,88,110,2115,388,402,221
21-Oct,Busia County,4228,,192,121,32,1664,238,1046,89
21-Oct,Elgeyo Marakwet County,1966,,74,73,6,1468,89,150,13
21-Oct,Embu County,1668,6,110,44,11,580,90,326,84
21-Oct,Garissa County,9040,112,17,5,29,1988,47,909,705
21-Oct,Homa Bay County,2747,1,102,88,6,1695,102,202,45
21-Oct,Isiolo County,986,29,10,14,4,891,24,88,138
21-Oct,Kajiado County,4826,65,155,83,21,3336,136,308,91
21-Oct,Kakamega County,8519,2,171,402,65,2786,232,489,162
21-Oct,Kericho County,1802,,152,48,10,1617,120,261,40
21-Oct,Kiambu County,5956,6,411,385,96,5267,616,962,142
21-Oct,Kilifi County,6982,2,1024,388,238,6704,456,1525,447
21-Oct,Kirinyaga County,1583,1,182,94,7,1503,232,456,54
21-Oct,Vihiga County,3100,49,118,53,23,593,90,209,53
21-Oct,Uasin Gishu County,4808,,261,212,73,3338,354,478,85
21-Oct,Turkana County,14275,268,278,79,323,5671,255,1525,1808
21-Oct,Trans Nzoia County,1756,1,94,122,20,944,221,328,129
21-Oct,Tharaka Nithi County,2429,11,174,82,55,812,172,327,81
21-Oct,Tana River County,1495,199,138,14,48,1696,40,417,297
21-Oct,Taita Taveta County,6954,,167,90,60,886,187,466,124
21-Oct,Siaya County,5900,,22,10,7,1506,44,161,20
21-Oct,Samburu County,2320,1,42,37,26,2049,43,297,237
21-Oct,Nyeri County,3292,15,298,104,26,1146,215,470,71
21-Oct,Nyandarua County,2088,,93,96,13,718,163,207,44
21-Oct,Nyamira County,1550,,72,40,1,909,52,106,12
21-Oct,Narok County,5719,22,58,92,36,2061,112,245,38
21-Oct,Nandi County,4406,,97,168,57,1323,157,293,50
21-Oct,Nakuru County,14033,164,1591,403,107,4986,929,1123,128
21-Oct,Nairobi County,27753,246,1319,2387,168,10232,1272,2970,487
21-Oct,Muranga County,4483,3,435,248,54,1460,367,700,94
21-Oct,Mombasa County,3752,45,287,163,58,3433,302,882,150
21-Oct,Migori County,7158,13,115,199,64,2655,149,311,35
21-Oct,Meru County,4639,26,208,119,46,1819,280,3023,80
21-Oct,Marsabit County,2714,24,285,51,293,1471,55,590,809
21-Oct,Mandera County,3512,196,119,74,152,4503,317,560,766
21-Oct,Makueni County,7283,21,271,91,87,2122,132,414,126
21-Oct,Machakos County,5108,6,17,34,60,3322,393,703,139
21-Oct,Lamu County,274,,17,2,1,778,18,40,43
21-Oct,Laikipia County,2322,42,251,226,29,1415,428,818,45
21-Oct,Kwale County,7983,53,519,186,282,2512,297,679,385
21-Oct,Kitui County,5620,22,329,147,170,1906,225,488,294
21-Oct,Kisumu County,5268,108,117,82,76,2362,242,396,130
21-Oct,Kisii County,3021,,141,84,8,2235,124,219,15
21-Oct,Wajir County,5922,551,149,13,310,2443,260,573,772
21-Oct,West Pokot County,2616,23,46,4,4,2235,31,123,23
21-Nov,Baringo County,31867,2,115,78,84,2622,119,223,112
21-Nov,Bomet County,4106,,,,,3002,129,134,22
21-Nov,Bungoma County,8969,,102,34,23,2382,215,247,124
21-Nov,Busia County,4356,2,208,157,28,1841,200,620,76
21-Nov,Elgeyo Marakwet County,26402,,85,70,9,2100,84,112,11
21-Nov,Embu County,37526,26,213,45,57,967,99,488,90
21-Nov,Garissa County,37512,202,16,4,63,2468,56,930,722
21-Nov,Homa Bay County,3143,4,96,85,23,1862,108,185,51
21-Nov,Isiolo County,28117,12,34,15,55,1151,27,97,126
21-Nov,Kajiado County,5341,39,188,154,16,3514,179,411,60
21-Nov,Kakamega County,9337,39,499,421,32,3582,383,915,128
21-Nov,Kericho County,1437,,18,43,13,2344,120,377,28
21-Nov,Kiambu County,7881,94,565,380,32,5961,815,1087,148
21-Nov,Kilifi County,35623,9,1153,274,280,8185,474,1750,483
21-Nov,Kirinyaga County,28429,2,170,82,85,1783,201,407,200
21-Nov,Vihiga County,2815,34,302,50,62,781,86,286,78
21-Nov,Uasin Gishu County,86925,,197,113,19,3931,258,797,59
21-Nov,Turkana County,21615,92,500,267,247,4966,235,1329,1649
21-Nov,Trans Nzoia County,1670,1,170,168,29,1232,254,458,74
21-Nov,Tharaka Nithi County,7277,24,163,100,25,1355,159,392,46
21-Nov,Tana River County,2099,183,25,7,30,2109,57,460,202
21-Nov,Taita Taveta County,31186,,194,91,72,832,358,487,156
21-Nov,Siaya County,99413,2,40,20,44,3098,94,153,46
21-Nov,Samburu County,22688,4,21,7,16,2439,60,333,248
21-Nov,Nyeri County,3268,14,282,162,38,1639,252,499,55
21-Nov,Nyandarua County,7034,,122,90,11,1075,183,248,59
21-Nov,Nyamira County,4418,,71,66,4,883,58,80,5
21-Nov,Narok County,4059,9,85,143,18,2319,93,165,43
21-Nov,Nandi County,19376,,88,89,39,1583,111,220,93
21-Nov,Nakuru County,32999,78,672,306,107,6121,581,1494,224
21-Nov,Nairobi County,92004,271,1505,650,171,11714,1107,3427,420
21-Nov,Muranga County,26905,21,550,281,77,1733,418,1211,138
21-Nov,Mombasa County,3751,235,524,108,24,4103,294,1042,140
21-Nov,Migori County,7162,44,63,41,23,2988,87,209,145
21-Nov,Meru County,4952,18,180,119,30,2113,280,346,50
21-Nov,Marsabit County,28369,181,197,87,288,1560,92,501,823
21-Nov,Mandera County,3909,133,62,55,57,4946,236,517,624
21-Nov,Makueni County,23924,28,238,84,102,2399,146,517,193
21-Nov,Machakos County,14536,137,11,14,137,3353,338,789,176
21-Nov,Lamu County,221,,12,10,2,766,23,57,16
21-Nov,Laikipia County,2228,34,215,236,26,1692,383,505,189
21-Nov,Kwale County,77225,42,418,126,355,3551,197,997,439
21-Nov,Kitui County,6811,5,266,109,143,2413,198,569,298
21-Nov,Kisumu County,4775,38,85,69,55,2684,194,493,142
21-Nov,Kisii County,2650,,12,32,29,2235,94,76,30
21-Nov,Wajir County,6467,683,17,6,244,2435,60,519,807
21-Nov,West Pokot County,12811,13,276,17,95,2192,77,169,81
21-Dec,Baringo County,6114,7,111,136,25,2159,37,378,39
21-Dec,Bomet County,3218,,,3,3,3125,85,106,17
21-Dec,Bungoma County,145466,,47,41,48,2949,172,253,272
21-Dec,Busia County,5232,,255,78,30,1638,321,438,79
21-Dec,Elgeyo Marakwet County,2352,,91,54,20,1671,53,212,26
21-Dec,Embu County,3091,32,441,94,31,806,157,495,55
21-Dec,Garissa County,7210,144,23,2,82,3549,52,593,533
21-Dec,Homa Bay County,3896,4,94,52,30,1653,111,160,36
21-Dec,Isiolo County,720,36,67,30,59,1457,25,207,118
21-Dec,Kajiado County,4114,57,97,82,54,2951,124,314,40
21-Dec,Kakamega County,90411,22,161,120,28,2735,161,426,120
21-Dec,Kericho County,1930,,78,26,56,2603,126,165,33
21-Dec,Kiambu County,56120,61,645,326,41,5228,709,1038,121
21-Dec,Kilifi County,130939,11,1037,250,186,7205,314,1640,390
21-Dec,Kirinyaga County,2171,,128,156,1,1567,148,485,37
21-Dec,Vihiga County,3054,9,153,45,25,749,88,263,72
21-Dec,Uasin Gishu County,33503,,341,78,34,4068,176,379,38
21-Dec,Turkana County,8535,233,642,76,98,4449,227,1113,1239
21-Dec,Trans Nzoia County,148729,2,125,74,33,1279,137,287,53
21-Dec,Tharaka Nithi County,14096,11,165,107,20,1091,142,320,28
21-Dec,Tana River County,1981,172,52,12,25,1902,38,413,158
21-Dec,Taita Taveta County,1070,,137,72,43,708,145,361,172
21-Dec,Siaya County,4509,2,31,18,8,1504,60,145,13
21-Dec,Samburu County,1017,,13,5,24,1823,21,251,212
21-Dec,Nyeri County,3544,8,318,134,15,1496,231,433,31
21-Dec,Nyandarua County,18199,,103,65,7,1018,155,221,33
21-Dec,Nyamira County,9229,,97,63,1,841,70,81,7
21-Dec,Narok County,108806,7,66,36,11,2429,87,129,29
21-Dec,Nandi County,4103,,97,74,22,1478,77,163,31
21-Dec,Nakuru County,80271,166,491,409,92,6446,586,1066,109
21-Dec,Nairobi County,47563,177,1823,2178,554,8801,1006,2593,485
21-Dec,Muranga County,5935,23,355,236,51,1942,403,734,111
21-Dec,Mombasa County,3016,194,244,72,26,3445,180,789,110
21-Dec,Migori County,28755,21,310,151,33,2500,97,236,47
21-Dec,Meru County,31222,34,119,100,31,2045,216,380,48
21-Dec,Marsabit County,2775,47,139,17,449,1734,76,381,955
21-Dec,Mandera County,3817,150,59,49,68,5944,226,415,574
21-Dec,Makueni County,17724,6,203,104,95,1994,153,441,128
21-Dec,Machakos County,33801,70,7,28,58,3286,361,674,167
21-Dec,Lamu County,171,,3,7,1,876,21,44,4
21-Dec,Laikipia County,23427,30,220,166,47,1554,297,324,57
21-Dec,Kwale County,7193,29,372,124,276,3651,230,908,553
21-Dec,Kitui County,29802,1,226,119,115,2214,182,744,245
21-Dec,Kisumu County,5431,26,101,60,72,3494,190,440,106
21-Dec,Kisii County,2040,,40,42,7,2471,71,97,41
21-Dec,Wajir County,13522,432,66,1,206,3922,83,484,656
21-Dec,West Pokot County,6970,22,5,57,12,2477,38,87,28